employee_name,user_id,Domain,Email,Role
Aaron C Donovan,ACD0647,dtaa.com,Aaron.C.Donovan@dtaa.com,Senior Manger
Abbot R Cherry,ARC0677,dtaa.com,Abbot.R.Cherry@dtaa.com,Security
Abigail C Lancaster,ACL0865,dtaa.com,Abigail.C.Lancaster@dtaa.com,Tradesman
Abigail P Callahan,APC0769,dtaa.com,Abigail.P.Callahan@dtaa.com,Technician
Abra B Logan,ABL0836,dtaa.com,Abra.B.Logan@dtaa.com,Technician
Adam A Holman,AAH0734,dtaa.com,Adam.A.Holman@dtaa.com,Administrative Staff
Adam E Castro,AEC0750,dtaa.com,Adam.E.Castro@dtaa.com,Director
Adam H Velez,AHV0103,dtaa.com,Adam.H.Velez@dtaa.com,Security
Adam X Battle,AXB0007,dtaa.com,Adam.X.Battle@dtaa.com,Engineer
Adara H Delgado,AHD0147,dtaa.com,Adara.H.Delgado@dtaa.com,Tradesman
Addison A Kirk,AAK0924,dtaa.com,Addison.A.Kirk@dtaa.com,Engineer
Adele A Chase,AAC0599,dtaa.com,Adele.A.Chase@dtaa.com,Administrative Staff
Adele M Sloan,AMS0897,dtaa.com,Adele.M.Sloan@dtaa.com,Technician
Adele Q Griffith,AQG0678,dtaa.com,Adele.Q.Griffith@dtaa.com,Technician
Adena A Richards,AAR0508,dtaa.com,Adena.A.Richards@dtaa.com,Engineer
Adena S Owen,ASO0023,dtaa.com,Adena.S.Owen@dtaa.com,Administrative Staff
Adria T Jacobs,ATJ0284,dtaa.com,Adria.T.Jacobs@dtaa.com,Tradesman
Adrian J Cochran,AJC0203,dtaa.com,Adrian.J.Cochran@dtaa.com,Senior Manger
Adrian L West,ALW0834,dtaa.com,Adrian.L.West@dtaa.com,Engineer
Ahmed R Koch,ARK0026,dtaa.com,Ahmed.R.Koch@dtaa.com,Technician
Aidan G Wallace,AGW0182,dtaa.com,Aidan.G.Wallace@dtaa.com,Administrative Assistant
Aiko F Newton,AFN0918,dtaa.com,Aiko.F.Newton@dtaa.com,Technician
Aileen S Roy,ASR0539,dtaa.com,Aileen.S.Roy@dtaa.com,Technician
Aimee Z Christian,AZC0030,dtaa.com,Aimee.Z.Christian@dtaa.com,Technician
Ainsley R Mcpherson,ARM0416,dtaa.com,Ainsley.R.Mcpherson@dtaa.com,Administrative Staff
Akeem F Dodson,AFD0868,dtaa.com,Akeem.F.Dodson@dtaa.com,Security
Akeem R Beach,ARB0050,dtaa.com,Akeem.R.Beach@dtaa.com,Security
Aladdin B Garner,ABG0179,dtaa.com,Aladdin.B.Garner@dtaa.com,Technician
Alana J Curry,AJC0266,dtaa.com,Alana.J.Curry@dtaa.com,Tradesman
Alana L Cruz,ALC0244,dtaa.com,Alana.L.Cruz@dtaa.com,Tradesman
Albert K Pruitt,AKP0173,dtaa.com,Albert.K.Pruitt@dtaa.com,Security
Alden J Chaney,AJC0399,dtaa.com,Alden.J.Chaney@dtaa.com,Security
Alden L Warren,ALW0694,dtaa.com,Alden.L.Warren@dtaa.com,Foreman
Alec D Roy,ADR0219,dtaa.com,Alec.D.Roy@dtaa.com,Security
Alec G Garza,AGG0562,dtaa.com,Alec.G.Garza@dtaa.com,Director
Alexander F Rodgers,AFR0646,dtaa.com,Alexander.F.Rodgers@dtaa.com,Engineer
Alexander R Blackburn,ARB0100,dtaa.com,Alexander.R.Blackburn@dtaa.com,Administrative Staff
Alfonso M Atkinson,AMA0191,dtaa.com,Alfonso.M.Atkinson@dtaa.com,Security
Alfreda A Kelley,AAK0658,dtaa.com,Alfreda.A.Kelley@dtaa.com,Tradesman
Alfreda I Cooley,AIC0321,dtaa.com,Alfreda.I.Cooley@dtaa.com,Technician
Ali K Short,AKS0283,dtaa.com,Ali.K.Short@dtaa.com,Security
Alika F Oneil,AFO0022,dtaa.com,Alika.F.Oneil@dtaa.com,Technician
Alisa A Allen,AAA0371,dtaa.com,Alisa.A.Allen@dtaa.com,Administrative Staff
Allegra M Merrill,AMM0661,dtaa.com,Allegra.M.Merrill@dtaa.com,Tradesman
Allistair B Harper,ABH0963,dtaa.com,Allistair.B.Harper@dtaa.com,Administrative Assistant
Alma E Greene,AEG0905,dtaa.com,Alma.E.Greene@dtaa.com,Engineer
Alma F Harvey,AFH0331,dtaa.com,Alma.F.Harvey@dtaa.com,Tradesman
Alma L Weber,ALW0250,dtaa.com,Alma.L.Weber@dtaa.com,Administrative Staff
Alvin N Cruz,ANC0012,dtaa.com,Alvin.N.Cruz@dtaa.com,Foreman
Amal C Meyers,ACM0061,dtaa.com,Amal.C.Meyers@dtaa.com,Administrative Assistant
Amal K Holder,AKH0067,dtaa.com,Amal.K.Holder@dtaa.com,Administrative Assistant
Amanda R Richard,ARR0878,dtaa.com,Amanda.R.Richard@dtaa.com,Technician
Amaya O Calderon,AOC0511,dtaa.com,Amaya.O.Calderon@dtaa.com,Technician
Amena L Navarro,ALN0201,dtaa.com,Amena.L.Navarro@dtaa.com,Administrative Staff
Amena R George,ARG0405,dtaa.com,Amena.R.George@dtaa.com,Administrative Staff
Amena S Velez,ASV0049,dtaa.com,Amena.S.Velez@dtaa.com,Administrative Staff
Amery I Delacruz,AID0577,dtaa.com,Amery.I.Delacruz@dtaa.com,Foreman
Amir L Knapp,ALK0520,dtaa.com,Amir.L.Knapp@dtaa.com,Technician
Amir R Wade,ARW0541,dtaa.com,Amir.R.Wade@dtaa.com,Engineer
Anastasia M Mccarty,AMM0340,dtaa.com,Anastasia.M.Mccarty@dtaa.com,Tradesman
Andrew J Spencer,AJS0917,dtaa.com,Andrew.J.Spencer@dtaa.com,Senior Manger
Angelica F Greer,AFG0122,dtaa.com,Angelica.F.Greer@dtaa.com,Administrative Staff
Anika R Randall,ARR0758,dtaa.com,Anika.R.Randall@dtaa.com,Administrative Staff
Anika Z Summers,AZS0738,dtaa.com,Anika.Z.Summers@dtaa.com,Director
Anjolie M Anthony,AMA0606,dtaa.com,Anjolie.M.Anthony@dtaa.com,Technician
Ann J Sykes,AJS0978,dtaa.com,Ann.J.Sykes@dtaa.com,Engineer
Aphrodite J Nieves,AJN0804,dtaa.com,Aphrodite.J.Nieves@dtaa.com,Technician
April C Rios,ACR0400,dtaa.com,April.C.Rios@dtaa.com,Administrative Assistant
April G Ferguson,AGF0088,dtaa.com,April.G.Ferguson@dtaa.com,Administrative Staff
April K Meadows,AKM0969,dtaa.com,April.K.Meadows@dtaa.com,Technician
Arden J Burris,AJB0016,dtaa.com,Arden.J.Burris@dtaa.com,Administrative Assistant
Ariel S Cardenas,ASC0132,dtaa.com,Ariel.S.Cardenas@dtaa.com,Tradesman
Armand J Bishop,AJB0370,dtaa.com,Armand.J.Bishop@dtaa.com,Engineer
Armand N Walton,ANW0351,dtaa.com,Armand.N.Walton@dtaa.com,Security
Arsenio B Baldwin,ABB0272,dtaa.com,Arsenio.B.Baldwin@dtaa.com,Loading Dock
Arsenio C Hoover,ACH0803,dtaa.com,Arsenio.C.Hoover@dtaa.com,Administrative Assistant
Arthur J Phillips,AJP0553,dtaa.com,Arthur.J.Phillips@dtaa.com,Administrative Assistant
Arthur W Becker,AWB0828,dtaa.com,Arthur.W.Becker@dtaa.com,Engineer
Ashely R Fox,ARF0269,dtaa.com,Ashely.R.Fox@dtaa.com,Technician
Ashton R Parsons,ARP0948,dtaa.com,Ashton.R.Parsons@dtaa.com,Security
Ashton S Stein,ASS0824,dtaa.com,Ashton.S.Stein@dtaa.com,Senior Manger
Aspen M Holcomb,AMH0101,dtaa.com,Aspen.M.Holcomb@dtaa.com,Tradesman
Athena M Moses,AMM0830,dtaa.com,Athena.M.Moses@dtaa.com,Tradesman
Aubrey B Donovan,ABD0833,dtaa.com,Aubrey.B.Donovan@dtaa.com,Technician
Aubrey E Wolfe,AEW0730,dtaa.com,Aubrey.E.Wolfe@dtaa.com,Administrative Staff
Aubrey F Foster,AFF0760,dtaa.com,Aubrey.F.Foster@dtaa.com,Foreman
Aubrey G Barrett,AGB0091,dtaa.com,Aubrey.G.Barrett@dtaa.com,Foreman
Audrey K Walton,AKW0582,dtaa.com,Audrey.K.Walton@dtaa.com,Administrative Staff
Audrey S Pennington,ASP0799,dtaa.com,Audrey.S.Pennington@dtaa.com,Tradesman
August A Cotton,AAC0344,dtaa.com,August.A.Cotton@dtaa.com,Technician
August L Lancaster,ALL0155,dtaa.com,August.L.Lancaster@dtaa.com,Engineer
Aurelia I Burns,AIB0797,dtaa.com,Aurelia.I.Burns@dtaa.com,Administrative Staff
Aurora J Avila,AJA0220,dtaa.com,Aurora.J.Avila@dtaa.com,Engineer
Aurora J Morris,AJM0302,dtaa.com,Aurora.J.Morris@dtaa.com,Administrative Staff
Aurora R Savage,ARS0993,dtaa.com,Aurora.R.Savage@dtaa.com,IT Admin
Austin K Alexander,AKA0033,dtaa.com,Austin.K.Alexander@dtaa.com,Senior Manger
Autumn A Simon,AAS0709,dtaa.com,Autumn.A.Simon@dtaa.com,Technician
Autumn U Mckinney,AUM0365,dtaa.com,Autumn.U.Mckinney@dtaa.com,Technician
Avram B Sullivan,ABS0726,dtaa.com,Avram.B.Sullivan@dtaa.com,Engineer
Avye H Sellers,AHS0926,dtaa.com,Avye.H.Sellers@dtaa.com,VP
Avye R Richard,ARR0977,dtaa.com,Avye.R.Richard@dtaa.com,Administrative Staff
Axel M Davidson,AMD0432,dtaa.com,Axel.M.Davidson@dtaa.com,Engineer
Axel N Stout,ANS0172,dtaa.com,Axel.N.Stout@dtaa.com,Engineer
Ayanna L Sullivan,ALS0087,dtaa.com,Ayanna.L.Sullivan@dtaa.com,Technician
Barclay C Villarreal,BCV0109,dtaa.com,Barclay.C.Villarreal@dtaa.com,Loading Dock
Barry C Goff,BCG0303,dtaa.com,Barry.C.Goff@dtaa.com,Foreman
Basia C Wright,BCW0386,dtaa.com,Basia.C.Wright@dtaa.com,Technician
Basil M Kinney,BMK0943,dtaa.com,Basil.M.Kinney@dtaa.com,Engineer
Baxter N Nieves,BNN0072,dtaa.com,Baxter.N.Nieves@dtaa.com,Administrative Assistant
Beau A Key,BAK0787,dtaa.com,Beau.A.Key@dtaa.com,Foreman
Beck C Robinson,BCR0547,dtaa.com,Beck.C.Robinson@dtaa.com,Administrative Assistant
Beck P Cherry,BPC0533,dtaa.com,Beck.P.Cherry@dtaa.com,Janitor
Bell L Buchanan,BLB0079,dtaa.com,Bell.L.Buchanan@dtaa.com,Administrative Staff
Bell Q Weaver,BQW0149,dtaa.com,Bell.Q.Weaver@dtaa.com,Engineer
Benedict T Williamson,BTW0973,dtaa.com,Benedict.T.Williamson@dtaa.com,Tradesman
Benjamin H Howe,BHH0460,dtaa.com,Benjamin.H.Howe@dtaa.com,Engineer
Benjamin J Caldwell,BJC0569,dtaa.com,Benjamin.J.Caldwell@dtaa.com,Loading Dock
Benjamin X Young,BXY0648,dtaa.com,Benjamin.X.Young@dtaa.com,Foreman
Benjamin Z Hubbard,BZH0120,dtaa.com,Benjamin.Z.Hubbard@dtaa.com,Engineer
Berk A Ellis,BAE0444,dtaa.com,Berk.A.Ellis@dtaa.com,Janitor
Bernard C Gilbert,BCG0692,dtaa.com,Bernard.C.Gilbert@dtaa.com,Technician
Bertha S Miller,BSM0334,dtaa.com,Bertha.S.Miller@dtaa.com,Engineer
Bethany B Montoya,BBM0499,dtaa.com,Bethany.B.Montoya@dtaa.com,Administrative Staff
Bethany Z Mccormick,BZM0434,dtaa.com,Bethany.Z.Mccormick@dtaa.com,Tradesman
Beverly A May,BAM0466,dtaa.com,Beverly.A.May@dtaa.com,Tradesman
Beverly N Livingston,BNL0480,dtaa.com,Beverly.N.Livingston@dtaa.com,Of Council
Bevis M Le,BML0618,dtaa.com,Bevis.M.Le@dtaa.com,Engineer
Bevis T Harper,BTH0358,dtaa.com,Bevis.T.Harper@dtaa.com,Foreman
Blaine W Sampson,BWS0872,dtaa.com,Blaine.W.Sampson@dtaa.com,Security
Blair F Vasquez,BFV0911,dtaa.com,Blair.F.Vasquez@dtaa.com,Engineer
Blaze A Faulkner,BAF0379,dtaa.com,Blaze.A.Faulkner@dtaa.com,Engineer
Blossom T Hale,BTH0004,dtaa.com,Blossom.T.Hale@dtaa.com,Technician
Boris C Henry,BCH0912,dtaa.com,Boris.C.Henry@dtaa.com,Engineer
Boris C Spence,BCS0374,dtaa.com,Boris.C.Spence@dtaa.com,Engineer
Bradley G Frost,BGF0236,dtaa.com,Bradley.G.Frost@dtaa.com,Tradesman
Bradley M Robles,BMR0412,dtaa.com,Bradley.M.Robles@dtaa.com,Foreman
Branden C Moses,BCM0558,dtaa.com,Branden.C.Moses@dtaa.com,Foreman
Brandon F Osborne,BFO0438,dtaa.com,Brandon.F.Osborne@dtaa.com,Foreman
Breanna Y Burton,BYB0347,dtaa.com,Breanna.Y.Burton@dtaa.com,Tradesman
Brenda N Gardner,BNG0510,dtaa.com,Brenda.N.Gardner@dtaa.com,VP
Brendan K Morgan,BKM0116,dtaa.com,Brendan.K.Morgan@dtaa.com,Engineer
Brennan D Ingram,BDI0634,dtaa.com,Brennan.D.Ingram@dtaa.com,Engineer
Brennan I Riddle,BIR0534,dtaa.com,Brennan.I.Riddle@dtaa.com,Administrative Staff
Brent C Johnson,BCJ0800,dtaa.com,Brent.C.Johnson@dtaa.com,Engineer
Brett L Spencer,BLS0098,dtaa.com,Brett.L.Spencer@dtaa.com,Project Manager
Brian G Wells,BGW0009,dtaa.com,Brian.G.Wells@dtaa.com,Project Manager
Brianna J Michael,BJM0311,dtaa.com,Brianna.J.Michael@dtaa.com,Engineer
Brianna M Marshall,BMM0247,dtaa.com,Brianna.M.Marshall@dtaa.com,Engineer
Brielle A Harris,BAH0774,dtaa.com,Brielle.A.Harris@dtaa.com,Technician
Brielle C Mays,BCM0899,dtaa.com,Brielle.C.Mays@dtaa.com,Senior Manger
Britanni A Bryant,BAB0505,dtaa.com,Britanni.A.Bryant@dtaa.com,Tradesman
Britanni G Vargas,BGV0046,dtaa.com,Britanni.G.Vargas@dtaa.com,Technician
Brock C Barber,BCB0013,dtaa.com,Brock.C.Barber@dtaa.com,Administrative Assistant
Brock J Morrison,BJM0992,dtaa.com,Brock.J.Morrison@dtaa.com,IT Admin
Brooke D Hood,BDH0038,dtaa.com,Brooke.D.Hood@dtaa.com,Tradesman
Brooke P Byrd,BPB0808,dtaa.com,Brooke.P.Byrd@dtaa.com,Tradesman
Bruce B Howell,BBH0313,dtaa.com,Bruce.B.Howell@dtaa.com,Technician
Brynn N Mcconnell,BNM0353,dtaa.com,Brynn.N.Mcconnell@dtaa.com,Tradesman
Brynne B Potter,BBP0623,dtaa.com,Brynne.B.Potter@dtaa.com,Tradesman
Brynne I Merritt,BIM0736,dtaa.com,Brynne.I.Merritt@dtaa.com,Administrative Staff
Brynne N William,BNW0850,dtaa.com,Brynne.N.William@dtaa.com,Tradesman
Brynne V Maldonado,BVM0716,dtaa.com,Brynne.V.Maldonado@dtaa.com,Tradesman
Buffy F Osborn,BFO0974,dtaa.com,Buffy.F.Osborn@dtaa.com,Project Manager
Burke K Head,BKH0156,dtaa.com,Burke.K.Head@dtaa.com,Senior Manger
Burke R Barber,BRB0908,dtaa.com,Burke.R.Barber@dtaa.com,Foreman
Burke S Graves,BSG0869,dtaa.com,Burke.S.Graves@dtaa.com,Technician
Burton G Norman,BGN0054,dtaa.com,Burton.G.Norman@dtaa.com,Janitor
Burton M Roth,BMR0596,dtaa.com,Burton.M.Roth@dtaa.com,Senior Manger
Burton M Stephenson,BMS0001,dtaa.com,Burton.M.Stephenson@dtaa.com,Security
Caesar B Price,CBP0628,dtaa.com,Caesar.B.Price@dtaa.com,Technician
Caesar D Kane,CDK0329,dtaa.com,Caesar.D.Kane@dtaa.com,Engineer
Caesar T Finch,CTF0687,dtaa.com,Caesar.T.Finch@dtaa.com,Foreman
Cain Z Ballard,CZB0163,dtaa.com,Cain.Z.Ballard@dtaa.com,Security
Cairo R Figueroa,CRF0074,dtaa.com,Cairo.R.Figueroa@dtaa.com,Foreman
Caleb D Zamora,CDZ0056,dtaa.com,Caleb.D.Zamora@dtaa.com,Administrative Assistant
Caleb S Delacruz,CSD0739,dtaa.com,Caleb.S.Delacruz@dtaa.com,Administrative Staff
Callum L Parks,CLP0332,dtaa.com,Callum.L.Parks@dtaa.com,Administrative Assistant
Camden B Curry,CBC0653,dtaa.com,Camden.B.Curry@dtaa.com,Engineer
Camden C Blankenship,CCB0496,dtaa.com,Camden.C.Blankenship@dtaa.com,Foreman
Camden G Roberts,CGR0202,dtaa.com,Camden.G.Roberts@dtaa.com,Administrative Assistant
Cameran S Atkinson,CSA0071,dtaa.com,Cameran.S.Atkinson@dtaa.com,Engineer
Cameron I Burns,CIB0489,dtaa.com,Cameron.I.Burns@dtaa.com,Foreman
Camilla B Hendrix,CBH0762,dtaa.com,Camilla.B.Hendrix@dtaa.com,Technician
Camille B Riddle,CBR0439,dtaa.com,Camille.B.Riddle@dtaa.com,Administrative Staff
Candice A Hunter,CAH0921,dtaa.com,Candice.A.Hunter@dtaa.com,Administrative Staff
Candice T Ramos,CTR0537,dtaa.com,Candice.T.Ramos@dtaa.com,Administrative Staff
Cara C Goodman,CCG0876,dtaa.com,Cara.C.Goodman@dtaa.com,Technician
Cara K Rutledge,CKR0296,dtaa.com,Cara.K.Rutledge@dtaa.com,Engineer
Carl B Rodriguez,CBR0104,dtaa.com,Carl.B.Rodriguez@dtaa.com,Foreman
Carlos O Shannon,COS0121,dtaa.com,Carlos.O.Shannon@dtaa.com,Project Manager
Carlos P Moore,CPM0959,dtaa.com,Carlos.P.Moore@dtaa.com,Foreman
Carly H Sanders,CHS0324,dtaa.com,Carly.H.Sanders@dtaa.com,Administrative Staff
Carolyn A Valentine,CAV0757,dtaa.com,Carolyn.A.Valentine@dtaa.com,Administrative Staff
Carolyn H Mckee,CHM0645,dtaa.com,Carolyn.H.Mckee@dtaa.com,Technician
Carson G Mckenzie,CGM0994,dtaa.com,Carson.G.Mckenzie@dtaa.com,IT Admin
Carson P Stone,CPS0559,dtaa.com,Carson.P.Stone@dtaa.com,Foreman
Carter G Martinez,CGM0343,dtaa.com,Carter.G.Martinez@dtaa.com,Engineer
Carter L Kirby,CLK0383,dtaa.com,Carter.L.Kirby@dtaa.com,Administrative Assistant
Caryn M Carpenter,CMC0814,dtaa.com,Caryn.M.Carpenter@dtaa.com,Administrative Staff
Casey C Boyd,CCB0366,dtaa.com,Casey.C.Boyd@dtaa.com,Engineer
Castor L Nelson,CLN0999,dtaa.com,Castor.L.Nelson@dtaa.com,IT Admin
Catherine D Salas,CDS0110,dtaa.com,Catherine.D.Salas@dtaa.com,Technician
Cathleen Y Knox,CYK0330,dtaa.com,Cathleen.Y.Knox@dtaa.com,Tradesman
Cedric R Carson,CRC0996,dtaa.com,Cedric.R.Carson@dtaa.com,IT Admin
Cedric R Jackson,CRJ0934,dtaa.com,Cedric.R.Jackson@dtaa.com,Foreman
Celeste D Sexton,CDS0300,dtaa.com,Celeste.D.Sexton@dtaa.com,Technician
Chadwick D Evans,CDE0193,dtaa.com,Chadwick.D.Evans@dtaa.com,Foreman
Chadwick P Perry,CPP0761,dtaa.com,Chadwick.P.Perry@dtaa.com,Engineer
Chancellor D Ellison,CDE0810,dtaa.com,Chancellor.D.Ellison@dtaa.com,Engineer
Chancellor W Gilliam,CWG0305,dtaa.com,Chancellor.W.Gilliam@dtaa.com,Foreman
Chaney D Riggs,CDR0453,dtaa.com,Chaney.D.Riggs@dtaa.com,Loading Dock
Channing J Whitley,CJW0317,dtaa.com,Channing.J.Whitley@dtaa.com,VP
Chantale V Williams,CVW0133,dtaa.com,Chantale.V.Williams@dtaa.com,Engineer
Charde C Morris,CCM0827,dtaa.com,Charde.C.Morris@dtaa.com,Technician
Chastity K Barlow,CKB0536,dtaa.com,Chastity.K.Barlow@dtaa.com,Tradesman
Chelsea A Osborn,CAO0951,dtaa.com,Chelsea.A.Osborn@dtaa.com,Technician
Chelsea S Berg,CSB0363,dtaa.com,Chelsea.S.Berg@dtaa.com,Administrative Staff
Chiquita A Conway,CAC0854,dtaa.com,Chiquita.A.Conway@dtaa.com,Tradesman
Christen H Atkins,CHA0174,dtaa.com,Christen.H.Atkins@dtaa.com,Administrative Staff
Christen M Underwood,CMU0028,dtaa.com,Christen.M.Underwood@dtaa.com,Technician
Christine C Hendrix,CCH0497,dtaa.com,Christine.C.Hendrix@dtaa.com,Technician
Ciara E Bauer,CEB0718,dtaa.com,Ciara.E.Bauer@dtaa.com,Technician
Ciaran G Melton,CGM0319,dtaa.com,Ciaran.G.Melton@dtaa.com,Security
Claire M Massey,CMM0900,dtaa.com,Claire.M.Massey@dtaa.com,Engineer
Clayton B Brewer,CBB0075,dtaa.com,Clayton.B.Brewer@dtaa.com,Senior Manger
Cleo N Tanner,CNT0514,dtaa.com,Cleo.N.Tanner@dtaa.com,Technician
Cleo T Hull,CTH0856,dtaa.com,Cleo.T.Hull@dtaa.com,Technician
Clinton N Short,CNS0950,dtaa.com,Clinton.N.Short@dtaa.com,Foreman
Clinton S Cash,CSC0297,dtaa.com,Clinton.S.Cash@dtaa.com,Senior Manger
Clio N Brewer,CNB0615,dtaa.com,Clio.N.Brewer@dtaa.com,Technician
Colby G Chaney,CGC0877,dtaa.com,Colby.G.Chaney@dtaa.com,Foreman
Cole A Roman,CAR0015,dtaa.com,Cole.A.Roman@dtaa.com,Foreman
Cole G Thomas,CGT0183,dtaa.com,Cole.G.Thomas@dtaa.com,Engineer
Cole M Figueroa,CMF0339,dtaa.com,Cole.M.Figueroa@dtaa.com,Project Manager
Colt L Ballard,CLB0995,dtaa.com,Colt.L.Ballard@dtaa.com,IT Admin
Colton J Gates,CJG0638,dtaa.com,Colton.J.Gates@dtaa.com,Of Council
Colton S Rodriguez,CSR0189,dtaa.com,Colton.S.Rodriguez@dtaa.com,Foreman
Connor B Robles,CBR0208,dtaa.com,Connor.B.Robles@dtaa.com,Foreman
Connor D Fernandez,CDF0585,dtaa.com,Connor.D.Fernandez@dtaa.com,Foreman
Constance C Allison,CCA0349,dtaa.com,Constance.C.Allison@dtaa.com,Technician
Constance G Hobbs,CGH0125,dtaa.com,Constance.G.Hobbs@dtaa.com,Administrative Staff
Cooper A Montoya,CAM0975,dtaa.com,Cooper.A.Montoya@dtaa.com,Foreman
Cooper K Wade,CKW0622,dtaa.com,Cooper.K.Wade@dtaa.com,Security
Cooper L Sharp,CLS0819,dtaa.com,Cooper.L.Sharp@dtaa.com,Project Manager
Cooper R May,CRM0058,dtaa.com,Cooper.R.May@dtaa.com,Administrative Assistant
Courtney A Wright,CAW0976,dtaa.com,Courtney.A.Wright@dtaa.com,Tradesman
Cruz T Henson,CTH0082,dtaa.com,Cruz.T.Henson@dtaa.com,Administrative Staff
Cyrus A Holmes,CAH0610,dtaa.com,Cyrus.A.Holmes@dtaa.com,Administrative Assistant
Dacey E Padilla,DEP0563,dtaa.com,Dacey.E.Padilla@dtaa.com,Engineer
Dakota A Oconnor,DAO0613,dtaa.com,Dakota.A.Oconnor@dtaa.com,Loading Dock
Dakota M Robertson,DMR0377,dtaa.com,Dakota.M.Robertson@dtaa.com,Project Manager
Dakota T Dillon,DTD0380,dtaa.com,Dakota.T.Dillon@dtaa.com,Administrative Staff
Dale C Ballard,DCB0462,dtaa.com,Dale.C.Ballard@dtaa.com,Foreman
Dale M England,DME0620,dtaa.com,Dale.M.England@dtaa.com,Security
Dale R Oneil,DRO0516,dtaa.com,Dale.R.Oneil@dtaa.com,Administrative Assistant
Dale S Shepherd,DSS0112,dtaa.com,Dale.S.Shepherd@dtaa.com,Foreman
Dale X Meyer,DXM0213,dtaa.com,Dale.X.Meyer@dtaa.com,Security
Dalton C Mcpherson,DCM0725,dtaa.com,Dalton.C.Mcpherson@dtaa.com,Security
Dalton F Ward,DFW0798,dtaa.com,Dalton.F.Ward@dtaa.com,Engineer
Dalton G Mejia,DGM0240,dtaa.com,Dalton.G.Mejia@dtaa.com,Director
Damian D Jacobs,DDJ0535,dtaa.com,Damian.D.Jacobs@dtaa.com,Administrative Assistant
Damian W Banks,DWB0426,dtaa.com,Damian.W.Banks@dtaa.com,Administrative Assistant
Dana C Fleming,DCF0307,dtaa.com,Dana.C.Fleming@dtaa.com,Administrative Staff
Dana O Odom,DOO0986,dtaa.com,Dana.O.Odom@dtaa.com,Tradesman
Dane B Armstrong,DBA0367,dtaa.com,Dane.B.Armstrong@dtaa.com,Senior Manger
Danielle C Casey,DCC0600,dtaa.com,Danielle.C.Casey@dtaa.com,Technician
Danielle S Thomas,DST0527,dtaa.com,Danielle.S.Thomas@dtaa.com,Technician
Dante W Fernandez,DWF0128,dtaa.com,Dante.W.Fernandez@dtaa.com,Of Council
Daquan A Waller,DAW0123,dtaa.com,Daquan.A.Waller@dtaa.com,Foreman
Daquan K Buckley,DKB0409,dtaa.com,Daquan.K.Buckley@dtaa.com,Administrative Assistant
Dara O Craig,DOC0003,dtaa.com,Dara.O.Craig@dtaa.com,VP
Daria B Fletcher,DBF0903,dtaa.com,Daria.B.Fletcher@dtaa.com,Tradesman
Darrel R Oconnor,DRO0126,dtaa.com,Darrel.R.Oconnor@dtaa.com,Administrative Staff
Daryl I Spears,DIS0382,dtaa.com,Daryl.I.Spears@dtaa.com,Technician
Daryl J Conner,DJC0162,dtaa.com,Daryl.J.Conner@dtaa.com,Technician
David D Wynn,DDW0643,dtaa.com,David.D.Wynn@dtaa.com,Foreman
David R Maxwell,DRM0312,dtaa.com,David.R.Maxwell@dtaa.com,Administrative Assistant
Deborah J Walker,DJW0368,dtaa.com,Deborah.J.Walker@dtaa.com,Tradesman
Deborah N Morse,DNM0143,dtaa.com,Deborah.N.Morse@dtaa.com,Engineer
Deborah S Hobbs,DSH0627,dtaa.com,Deborah.S.Hobbs@dtaa.com,Loading Dock
Delilah S Turner,DST0857,dtaa.com,Delilah.S.Turner@dtaa.com,Technician
Demetria A Raymond,DAR0341,dtaa.com,Demetria.A.Raymond@dtaa.com,Tradesman
Demetria R Neal,DRN0845,dtaa.com,Demetria.R.Neal@dtaa.com,Tradesman
Demetrius R Holman,DRH0790,dtaa.com,Demetrius.R.Holman@dtaa.com,Technician
Denise R Davidson,DRD0916,dtaa.com,Denise.R.Davidson@dtaa.com,VP
Dennis D Davenport,DDD0915,dtaa.com,Dennis.D.Davenport@dtaa.com,Technician
Denton R Parsons,DRP0428,dtaa.com,Denton.R.Parsons@dtaa.com,Project Manager
Destiny A Wilder,DAW0199,dtaa.com,Destiny.A.Wilder@dtaa.com,Technician
Dexter K Robinson,DKR0696,dtaa.com,Dexter.K.Robinson@dtaa.com,Loading Dock
Diana S Bryant,DSB0887,dtaa.com,Diana.S.Bryant@dtaa.com,Tradesman
Dieter N Stewart,DNS0937,dtaa.com,Dieter.N.Stewart@dtaa.com,Tradesman
Dillon S Medina,DSM0990,dtaa.com,Dillon.S.Medina@dtaa.com,IT Admin
Dominique L Mitchell,DLM0723,dtaa.com,Dominique.L.Mitchell@dtaa.com,Technician
Donna A Goodman,DAG0754,dtaa.com,Donna.A.Goodman@dtaa.com,Senior Manger
Dorothy A Vasquez,DAV0579,dtaa.com,Dorothy.A.Vasquez@dtaa.com,Tradesman
Drake B Booth,DBB0235,dtaa.com,Drake.B.Booth@dtaa.com,Foreman
Drew B Gomez,DBG0686,dtaa.com,Drew.B.Gomez@dtaa.com,Engineer
Drew D Kerr,DDK0417,dtaa.com,Drew.D.Kerr@dtaa.com,Administrative Staff
Driscoll A Watson,DAW0221,dtaa.com,Driscoll.A.Watson@dtaa.com,Project Manager
Driscoll B Marshall,DBM0698,dtaa.com,Driscoll.B.Marshall@dtaa.com,Engineer
Driscoll F Zimmerman,DFZ0063,dtaa.com,Driscoll.F.Zimmerman@dtaa.com,Engineer
Driscoll N Hill,DNH0619,dtaa.com,Driscoll.N.Hill@dtaa.com,Engineer
Ebony E Bird,EEB0134,dtaa.com,Ebony.E.Bird@dtaa.com,Administrative Staff
Echo D Gray,EDG0766,dtaa.com,Echo.D.Gray@dtaa.com,Administrative Staff
Echo S Battle,ESB0080,dtaa.com,Echo.S.Battle@dtaa.com,Technician
Eden F Stout,EFS0114,dtaa.com,Eden.F.Stout@dtaa.com,Janitor
Eden M Zimmerman,EMZ0196,dtaa.com,Eden.M.Zimmerman@dtaa.com,Tradesman
Edward B Pace,EBP0037,dtaa.com,Edward.B.Pace@dtaa.com,Technician
Edward C Trevino,ECT0491,dtaa.com,Edward.C.Trevino@dtaa.com,Administrative Staff
Edward N Peterson,ENP0794,dtaa.com,Edward.N.Peterson@dtaa.com,Tradesman
Elaine C Beck,ECB0185,dtaa.com,Elaine.C.Beck@dtaa.com,Technician
Elaine R Potts,ERP0254,dtaa.com,Elaine.R.Potts@dtaa.com,Tradesman
Eleanor L Alvarez,ELA0741,dtaa.com,Eleanor.L.Alvarez@dtaa.com,Tradesman
Elizabeth C Boone,ECB0494,dtaa.com,Elizabeth.C.Boone@dtaa.com,Administrative Staff
Elizabeth D West,EDW0137,dtaa.com,Elizabeth.D.West@dtaa.com,Technician
Elliott J Sanchez,EJS0513,dtaa.com,Elliott.J.Sanchez@dtaa.com,Foreman
Elmo B Summers,EBS0287,dtaa.com,Elmo.B.Summers@dtaa.com,Administrative Staff
Elton C Graves,ECG0753,dtaa.com,Elton.C.Graves@dtaa.com,Administrative Assistant
Elvis A Morin,EAM0745,dtaa.com,Elvis.A.Morin@dtaa.com,Engineer
Emerald W Reynolds,EWR0504,dtaa.com,Emerald.W.Reynolds@dtaa.com,Administrative Staff
Emerson E Knowles,EEK0031,dtaa.com,Emerson.E.Knowles@dtaa.com,Foreman
Emi K Bentley,EKB0587,dtaa.com,Emi.K.Bentley@dtaa.com,Technician
Emi O Stone,EOS0972,dtaa.com,Emi.O.Stone@dtaa.com,Administrative Staff
Emily A Ratliff,EAR0695,dtaa.com,Emily.A.Ratliff@dtaa.com,Technician
Emily M Rollins,EMR0242,dtaa.com,Emily.M.Rollins@dtaa.com,Tradesman
Emily N Daniels,END0616,dtaa.com,Emily.N.Daniels@dtaa.com,Tradesman
Emma C Decker,ECD0029,dtaa.com,Emma.C.Decker@dtaa.com,Loading Dock
Emmanuel D Harper,EDH0146,dtaa.com,Emmanuel.D.Harper@dtaa.com,Loading Dock
Erasmus G Maxwell,EGM0401,dtaa.com,Erasmus.G.Maxwell@dtaa.com,Project Manager
Erich C Maynard,ECM0214,dtaa.com,Erich.C.Maynard@dtaa.com,Technician
Erich M Lyons,EML0060,dtaa.com,Erich.M.Lyons@dtaa.com,Administrative Staff
Evan J Benjamin,EJB0888,dtaa.com,Evan.J.Benjamin@dtaa.com,Senior Manger
Eve D Rowland,EDR0642,dtaa.com,Eve.D.Rowland@dtaa.com,Tradesman
Eve M Mitchell,EMM0782,dtaa.com,Eve.M.Mitchell@dtaa.com,Technician
Evelyn D Coleman,EDC0357,dtaa.com,Evelyn.D.Coleman@dtaa.com,Tradesman
Evelyn G Graves,EGG0294,dtaa.com,Evelyn.G.Graves@dtaa.com,Technician
Ezekiel L Dickerson,ELD1000,dtaa.com,Ezekiel.L.Dickerson@dtaa.com,IT Admin
Ezra N Beasley,ENB0293,dtaa.com,Ezra.N.Beasley@dtaa.com,Technician
Farrah U Aguilar,FUA0154,dtaa.com,Farrah.U.Aguilar@dtaa.com,Administrative Staff
Fatima J Clarke,FJC0138,dtaa.com,Fatima.J.Clarke@dtaa.com,Administrative Staff
Felicia E Sanchez,FES0933,dtaa.com,Felicia.E.Sanchez@dtaa.com,Tradesman
Ferris A Frost,FAF0578,dtaa.com,Ferris.A.Frost@dtaa.com,Administrative Staff
Finn G Mcclure,FGM0119,dtaa.com,Finn.G.Mcclure@dtaa.com,Project Manager
Finn L Castaneda,FLC0811,dtaa.com,Finn.L.Castaneda@dtaa.com,Engineer
Fiona D Patterson,FDP0500,dtaa.com,Fiona.D.Patterson@dtaa.com,Administrative Staff
Flavia C Tanner,FCT0552,dtaa.com,Flavia.C.Tanner@dtaa.com,Administrative Staff
Fleur M Fox,FMF0197,dtaa.com,Fleur.M.Fox@dtaa.com,Tradesman
Florence C Guerra,FCG0115,dtaa.com,Florence.C.Guerra@dtaa.com,Administrative Staff
Frances T Branch,FTB0295,dtaa.com,Frances.T.Branch@dtaa.com,Administrative Staff
Freya F Prince,FFP0721,dtaa.com,Freya.F.Prince@dtaa.com,Administrative Assistant
Fritz I Mccullough,FIM0668,dtaa.com,Fritz.I.Mccullough@dtaa.com,Administrative Staff
Fuller N Oconnor,FNO0471,dtaa.com,Fuller.N.Oconnor@dtaa.com,Tradesman
Fulton H Maldonado,FHM0931,dtaa.com,Fulton.H.Maldonado@dtaa.com,Janitor
Fulton K Rojas,FKR0550,dtaa.com,Fulton.K.Rojas@dtaa.com,Senior Manger
Gage L Barber,GLB0715,dtaa.com,Gage.L.Barber@dtaa.com,Administrative Assistant
Gage N Burris,GNB0481,dtaa.com,Gage.N.Burris@dtaa.com,Security
Gannon K Cantrell,GKC0919,dtaa.com,Gannon.K.Cantrell@dtaa.com,Foreman
Garrison E Church,GEC0077,dtaa.com,Garrison.E.Church@dtaa.com,Engineer
Garrison V Hart,GVH0277,dtaa.com,Garrison.V.Hart@dtaa.com,Janitor
Garth J Hodge,GJH0384,dtaa.com,Garth.J.Hodge@dtaa.com,Foreman
Garth R Conley,GRC0474,dtaa.com,Garth.R.Conley@dtaa.com,Engineer
Gary H Campbell,GHC0041,dtaa.com,Gary.H.Campbell@dtaa.com,Administrative Assistant
Geoffrey J Golden,GJG0820,dtaa.com,Geoffrey.J.Golden@dtaa.com,Project Manager
George S Leon,GSL0697,dtaa.com,George.S.Leon@dtaa.com,Administrative Assistant
George T Reyes,GTR0327,dtaa.com,George.T.Reyes@dtaa.com,Administrative Staff
Germaine D Good,GDG0184,dtaa.com,Germaine.D.Good@dtaa.com,Technician
Germaine D Justice,GDJ0631,dtaa.com,Germaine.D.Justice@dtaa.com,Tradesman
Germaine M Lyons,GML0105,dtaa.com,Germaine.M.Lyons@dtaa.com,Technician
Germaine M Strickland,GMS0949,dtaa.com,Germaine.M.Strickland@dtaa.com,Tradesman
Germane Y Todd,GYT0279,dtaa.com,Germane.Y.Todd@dtaa.com,Technician
Gil H Stevens,GHS0664,dtaa.com,Gil.H.Stevens@dtaa.com,Project Manager
Gil M Farmer,GMF0571,dtaa.com,Gil.M.Farmer@dtaa.com,Administrative Assistant
Ginger Y Bernard,GYB0248,dtaa.com,Ginger.Y.Bernard@dtaa.com,Tradesman
Gisela B Rosa,GBR0420,dtaa.com,Gisela.B.Rosa@dtaa.com,Engineer
Giselle H Black,GHB0863,dtaa.com,Giselle.H.Black@dtaa.com,Technician
Glenna T Jenkins,GTJ0243,dtaa.com,Glenna.T.Jenkins@dtaa.com,Tradesman
Graham R Salas,GRS0372,dtaa.com,Graham.R.Salas@dtaa.com,Engineer
Graiden N Hogan,GNH0394,dtaa.com,Graiden.N.Hogan@dtaa.com,Janitor
Gray R Graham,GRG0693,dtaa.com,Gray.R.Graham@dtaa.com,Project Manager
Gregory W Stephens,GWS0381,dtaa.com,Gregory.W.Stephens@dtaa.com,Engineer
Griffin C Holland,GCH0545,dtaa.com,Griffin.C.Holland@dtaa.com,Administrative Assistant
Guy K Jenkins,GKJ0573,dtaa.com,Guy.K.Jenkins@dtaa.com,VP
Hadassah C Carroll,HCC0258,dtaa.com,Hadassah.C.Carroll@dtaa.com,Administrative Staff
Hadassah K Owens,HKO0796,dtaa.com,Hadassah.K.Owens@dtaa.com,Engineer
Hall F Cherry,HFC0680,dtaa.com,Hall.F.Cherry@dtaa.com,Administrative Staff
Hamilton S Holden,HSH0981,dtaa.com,Hamilton.S.Holden@dtaa.com,Administrative Staff
Hanae D Rivas,HDR0261,dtaa.com,Hanae.D.Rivas@dtaa.com,Technician
Hannah W Golden,HWG0148,dtaa.com,Hannah.W.Golden@dtaa.com,VP
Harding N Rose,HNR0891,dtaa.com,Harding.N.Rose@dtaa.com,Administrative Staff
Harper J Pace,HJP0784,dtaa.com,Harper.J.Pace@dtaa.com,Engineer
Harriet N Farmer,HNF0812,dtaa.com,Harriet.N.Farmer@dtaa.com,Administrative Staff
Hasad P Noble,HPN0821,dtaa.com,Hasad.P.Noble@dtaa.com,Administrative Staff
Hayden E Glover,HEG0785,dtaa.com,Hayden.E.Glover@dtaa.com,Engineer
Hayden R Tanner,HRT0737,dtaa.com,Hayden.R.Tanner@dtaa.com,Of Council
Hayes B Fowler,HBF0035,dtaa.com,Hayes.B.Fowler@dtaa.com,Security
Hayes B Little,HBL0517,dtaa.com,Hayes.B.Little@dtaa.com,Director
Hayes C Maynard,HCM0681,dtaa.com,Hayes.C.Maynard@dtaa.com,Security
Hayfa I Potts,HIP0929,dtaa.com,Hayfa.I.Potts@dtaa.com,Tradesman
Hayley C Gilmore,HCG0731,dtaa.com,Hayley.C.Gilmore@dtaa.com,Tradesman
Hayley N Knapp,HNK0421,dtaa.com,Hayley.N.Knapp@dtaa.com,Technician
Heather I Bean,HIB0604,dtaa.com,Heather.I.Bean@dtaa.com,Administrative Staff
Hedy N Strickland,HNS0858,dtaa.com,Hedy.N.Strickland@dtaa.com,Technician
Hedy P French,HPF0958,dtaa.com,Hedy.P.French@dtaa.com,Senior Manger
Hedy S Dodson,HSD0519,dtaa.com,Hedy.S.Dodson@dtaa.com,Tradesman
Herman E Dickerson,HED0802,dtaa.com,Herman.E.Dickerson@dtaa.com,Engineer
Herman T Gilmore,HTG0554,dtaa.com,Herman.T.Gilmore@dtaa.com,Janitor
Hermione C Palmer,HCP0315,dtaa.com,Hermione.C.Palmer@dtaa.com,Tradesman
Hilda K Guzman,HKG0503,dtaa.com,Hilda.K.Guzman@dtaa.com,Administrative Staff
Hillary A Sweeney,HAS0430,dtaa.com,Hillary.A.Sweeney@dtaa.com,Technician
Hillary E Russell,HER0860,dtaa.com,Hillary.E.Russell@dtaa.com,Technician
Hillary S Rocha,HSR0472,dtaa.com,Hillary.S.Rocha@dtaa.com,Administrative Staff
Hillary T Chambers,HTC0607,dtaa.com,Hillary.T.Chambers@dtaa.com,Administrative Staff
Hiram C Rodriguez,HCR0795,dtaa.com,Hiram.C.Rodriguez@dtaa.com,Technician
Hiram L Aguirre,HLA0457,dtaa.com,Hiram.L.Aguirre@dtaa.com,Administrative Assistant
Hiram S Mckenzie,HSM0389,dtaa.com,Hiram.S.Mckenzie@dtaa.com,Administrative Assistant
Hollee A Grant,HAG0649,dtaa.com,Hollee.A.Grant@dtaa.com,Technician
Holly J Keller,HJK0057,dtaa.com,Holly.J.Keller@dtaa.com,Technician
Honorato D Rollins,HDR0823,dtaa.com,Honorato.D.Rollins@dtaa.com,Administrative Staff
Hope C Rodriguez,HCR0525,dtaa.com,Hope.C.Rodriguez@dtaa.com,Janitor
Hope D Benjamin,HDB0655,dtaa.com,Hope.D.Benjamin@dtaa.com,Technician
Hope K Mueller,HKM0260,dtaa.com,Hope.K.Mueller@dtaa.com,Technician
Howard T Sykes,HTS0265,dtaa.com,Howard.T.Sykes@dtaa.com,Administrative Staff
Hoyt O Olsen,HOO0224,dtaa.com,Hoyt.O.Olsen@dtaa.com,Technician
Hunter B Barnett,HBB0402,dtaa.com,Hunter.B.Barnett@dtaa.com,Technician
Hyacinth R Koch,HRK0729,dtaa.com,Hyacinth.R.Koch@dtaa.com,Administrative Staff
Hyatt C Jones,HCJ0171,dtaa.com,Hyatt.C.Jones@dtaa.com,Technician
Ian M Wilson,IMW0965,dtaa.com,Ian.M.Wilson@dtaa.com,Engineer
Idona C Fernandez,ICF0629,dtaa.com,Idona.C.Fernandez@dtaa.com,Technician
Ignatius M Dyer,IMD0280,dtaa.com,Ignatius.M.Dyer@dtaa.com,Administrative Assistant
Ila W Miles,IWM0482,dtaa.com,Ila.W.Miles@dtaa.com,Tradesman
Ima A Glenn,IAG0152,dtaa.com,Ima.A.Glenn@dtaa.com,Administrative Staff
Ima M French,IMF0700,dtaa.com,Ima.M.French@dtaa.com,Tradesman
Imani R Holmes,IRH0176,dtaa.com,Imani.R.Holmes@dtaa.com,Tradesman
Imelda A Church,IAC0264,dtaa.com,Imelda.A.Church@dtaa.com,Tradesman
Imelda I Rush,IIR0475,dtaa.com,Imelda.I.Rush@dtaa.com,Technician
Ina V Stevenson,IVS0463,dtaa.com,Ina.V.Stevenson@dtaa.com,Administrative Staff
Inez M Britt,IMB0473,dtaa.com,Inez.M.Britt@dtaa.com,Administrative Staff
Inez V Frost,IVF0777,dtaa.com,Inez.V.Frost@dtaa.com,Tradesman
Ingrid M Dorsey,IMD0776,dtaa.com,Ingrid.M.Dorsey@dtaa.com,Technician
Irma A Haynes,IAH0822,dtaa.com,Irma.A.Haynes@dtaa.com,Administrative Staff
Isadora H Delacruz,IHD0259,dtaa.com,Isadora.H.Delacruz@dtaa.com,Administrative Staff
Isaiah G Barron,IGB0310,dtaa.com,Isaiah.G.Barron@dtaa.com,Engineer
Isaiah G Castaneda,IGC0415,dtaa.com,Isaiah.G.Castaneda@dtaa.com,Technician
Isaiah J Guthrie,IJG0454,dtaa.com,Isaiah.J.Guthrie@dtaa.com,Foreman
Isaiah J Joyner,IJJ0342,dtaa.com,Isaiah.J.Joyner@dtaa.com,Security
Isaiah R Chen,IRC0991,dtaa.com,Isaiah.R.Chen@dtaa.com,IT Admin
Ishmael C Ballard,ICB0779,dtaa.com,Ishmael.C.Ballard@dtaa.com,Foreman
Ishmael T Craig,ITC0131,dtaa.com,Ishmael.T.Craig@dtaa.com,Senior Manger
Ivan H Figueroa,IHF0040,dtaa.com,Ivan.H.Figueroa@dtaa.com,Administrative Staff
Ivan K Hatfield,IKH0904,dtaa.com,Ivan.K.Hatfield@dtaa.com,Engineer
Jakeem A Case,JAC0390,dtaa.com,Jakeem.A.Case@dtaa.com,Administrative Assistant
Jamal L Leonard,JLL0930,dtaa.com,Jamal.L.Leonard@dtaa.com,Foreman
Jamalia L Carter,JLC0744,dtaa.com,Jamalia.L.Carter@dtaa.com,Tradesman
James B Ayala,JBA0373,dtaa.com,James.B.Ayala@dtaa.com,Technician
Jameson B Lynn,JBL0450,dtaa.com,Jameson.B.Lynn@dtaa.com,Administrative Assistant
Jameson C Todd,JCT0410,dtaa.com,Jameson.C.Todd@dtaa.com,Senior Manger
Jana K Wilkerson,JKW0464,dtaa.com,Jana.K.Wilkerson@dtaa.com,Administrative Staff
Jane C Stark,JCS0873,dtaa.com,Jane.C.Stark@dtaa.com,Technician
Jane G Barton,JGB0062,dtaa.com,Jane.G.Barton@dtaa.com,Of Council
Jane L Vincent,JLV0465,dtaa.com,Jane.L.Vincent@dtaa.com,Technician
Jane M Rose,JMR0906,dtaa.com,Jane.M.Rose@dtaa.com,Administrative Staff
Jane S Eaton,JSE0020,dtaa.com,Jane.S.Eaton@dtaa.com,Tradesman
Jared H Adkins,JHA0404,dtaa.com,Jared.H.Adkins@dtaa.com,Technician
Jarrod M Alvarado,JMA0875,dtaa.com,Jarrod.M.Alvarado@dtaa.com,Foreman
Jarrod M Martin,JMM0759,dtaa.com,Jarrod.M.Martin@dtaa.com,Foreman
Jason H Nielsen,JHN0241,dtaa.com,Jason.H.Nielsen@dtaa.com,Senior Manger
Jayme L Campos,JLC0711,dtaa.com,Jayme.L.Campos@dtaa.com,Technician
Jeanette Z Vargas,JZV0159,dtaa.com,Jeanette.Z.Vargas@dtaa.com,Administrative Staff
Jenette M Rutledge,JMR0955,dtaa.com,Jenette.M.Rutledge@dtaa.com,Administrative Staff
Jennifer C Lowe,JCL0752,dtaa.com,Jennifer.C.Lowe@dtaa.com,Tradesman
Jennifer S Hancock,JSH0326,dtaa.com,Jennifer.S.Hancock@dtaa.com,Tradesman
Jeremy J Ramos,JJR0278,dtaa.com,Jeremy.J.Ramos@dtaa.com,Engineer
Jeremy Q Hicks,JQH0724,dtaa.com,Jeremy.Q.Hicks@dtaa.com,Project Manager
Jermaine C Conrad,JCC0998,dtaa.com,Jermaine.C.Conrad@dtaa.com,IT Admin
Jerome S Hoffman,JSH0598,dtaa.com,Jerome.S.Hoffman@dtaa.com,Administrative Assistant
Jerry X Guzman,JXG0567,dtaa.com,Jerry.X.Guzman@dtaa.com,Engineer
Jescie D Richardson,JDR0685,dtaa.com,Jescie.D.Richardson@dtaa.com,Tradesman
Jessamine C Carlson,JCC0140,dtaa.com,Jessamine.C.Carlson@dtaa.com,Engineer
Jessamine I Harris,JIH0640,dtaa.com,Jessamine.I.Harris@dtaa.com,Administrative Staff
Jesse G Sims,JGS0274,dtaa.com,Jesse.G.Sims@dtaa.com,Foreman
Jesse H Dejesus,JHD0512,dtaa.com,Jesse.H.Dejesus@dtaa.com,Engineer
Joan L Mccarty,JLM0053,dtaa.com,Joan.L.Mccarty@dtaa.com,Administrative Staff
Joan P Parsons,JPP0841,dtaa.com,Joan.P.Parsons@dtaa.com,Technician
Joelle D Moreno,JDM0083,dtaa.com,Joelle.D.Moreno@dtaa.com,Technician
Jolie A Mann,JAM0392,dtaa.com,Jolie.A.Mann@dtaa.com,Administrative Staff
Jolie H Mitchell,JHM0408,dtaa.com,Jolie.H.Mitchell@dtaa.com,Administrative Staff
Jonah L Lancaster,JLL0301,dtaa.com,Jonah.L.Lancaster@dtaa.com,Engineer
Jonas F Anderson,JFA0081,dtaa.com,Jonas.F.Anderson@dtaa.com,Foreman
Jonathan B Schroeder,JBS0483,dtaa.com,Jonathan.B.Schroeder@dtaa.com,Technician
Jonathan B Schwartz,JBS0654,dtaa.com,Jonathan.B.Schwartz@dtaa.com,Engineer
Jonathan D Malone,JDM0940,dtaa.com,Jonathan.D.Malone@dtaa.com,Administrative Staff
Jonathan G Calderon,JGC0775,dtaa.com,Jonathan.G.Calderon@dtaa.com,Technician
Jonathan M Castillo,JMC0233,dtaa.com,Jonathan.M.Castillo@dtaa.com,Engineer
Jonathan T Travis,JTT0989,dtaa.com,Jonathan.T.Travis@dtaa.com,IT Admin
Jordan C Galloway,JCG0817,dtaa.com,Jordan.C.Galloway@dtaa.com,Technician
Jordan Z Oconnor,JZO0727,dtaa.com,Jordan.Z.Oconnor@dtaa.com,Janitor
Joseph M Poole,JMP0200,dtaa.com,Joseph.M.Poole@dtaa.com,Administrative Assistant
Josephine A Dennis,JAD0531,dtaa.com,Josephine.A.Dennis@dtaa.com,Technician
Josephine S Brewer,JSB0493,dtaa.com,Josephine.S.Brewer@dtaa.com,Tradesman
Joshua R Mcclain,JRM0902,dtaa.com,Joshua.R.Mcclain@dtaa.com,Technician
Josiah J Boyd,JJB0720,dtaa.com,Josiah.J.Boyd@dtaa.com,Engineer
Judah X Collins,JXC0393,dtaa.com,Judah.X.Collins@dtaa.com,Engineer
Julie M Santana,JMS0793,dtaa.com,Julie.M.Santana@dtaa.com,Administrative Staff
Juliet I Pearson,JIP0187,dtaa.com,Juliet.I.Pearson@dtaa.com,Technician
Juliet R Pugh,JRP0458,dtaa.com,Juliet.R.Pugh@dtaa.com,Administrative Staff
Juliet S Warner,JSW0180,dtaa.com,Juliet.S.Warner@dtaa.com,Administrative Staff
Justin A Haynes,JAH0544,dtaa.com,Justin.A.Haynes@dtaa.com,Loading Dock
Justin H Colon,JHC0703,dtaa.com,Justin.H.Colon@dtaa.com,Engineer
Justin N French,JNF0543,dtaa.com,Justin.N.French@dtaa.com,Loading Dock
Justina W Williams,JWW0076,dtaa.com,Justina.W.Williams@dtaa.com,Administrative Staff
Kai A Daugherty,KAD0059,dtaa.com,Kai.A.Daugherty@dtaa.com,Technician
Kaitlin P Collier,KPC0158,dtaa.com,Kaitlin.P.Collier@dtaa.com,Senior Manger
Kamal B Callahan,KBC0337,dtaa.com,Kamal.B.Callahan@dtaa.com,Engineer
Kane B Compton,KBC0788,dtaa.com,Kane.B.Compton@dtaa.com,Foreman
Kane J Mathis,KJM0614,dtaa.com,Kane.J.Mathis@dtaa.com,Janitor
Kane P Strong,KPS0299,dtaa.com,Kane.P.Strong@dtaa.com,Technician
Karleigh N Hancock,KNH0719,dtaa.com,Karleigh.N.Hancock@dtaa.com,Tradesman
Kasimir V Haynes,KVH0355,dtaa.com,Kasimir.V.Haynes@dtaa.com,Engineer
Katell A Gill,KAG0880,dtaa.com,Katell.A.Gill@dtaa.com,Engineer
Kathleen E Everett,KEE0997,dtaa.com,Kathleen.E.Everett@dtaa.com,IT Admin
Kathleen F Finley,KFF0225,dtaa.com,Kathleen.F.Finley@dtaa.com,Technician
Kathleen K Walter,KKW0945,dtaa.com,Kathleen.K.Walter@dtaa.com,Tradesman
Kay U Castillo,KUC0848,dtaa.com,Kay.U.Castillo@dtaa.com,Director
Kaye S Oneil,KSO0749,dtaa.com,Kaye.S.Oneil@dtaa.com,Technician
Keane R Dominguez,KRD0507,dtaa.com,Keane.R.Dominguez@dtaa.com,Engineer
Keaton G Cook,KGC0456,dtaa.com,Keaton.G.Cook@dtaa.com,Administrative Staff
Keelie E Hayes,KEH0055,dtaa.com,Keelie.E.Hayes@dtaa.com,Technician
Keelie M Goodwin,KMG0002,dtaa.com,Keelie.M.Goodwin@dtaa.com,Engineer
Keelie P Bird,KPB0665,dtaa.com,Keelie.P.Bird@dtaa.com,Technician
Kelly M Chapman,KMC0840,dtaa.com,Kelly.M.Chapman@dtaa.com,Administrative Staff
Kelsey D Love,KDL0806,dtaa.com,Kelsey.D.Love@dtaa.com,Tradesman
Kelsey N Casey,KNC0403,dtaa.com,Kelsey.N.Casey@dtaa.com,Technician
Kendall K Travis,KKT0039,dtaa.com,Kendall.K.Travis@dtaa.com,Technician
Kendall M Watson,KMW0755,dtaa.com,Kendall.M.Watson@dtaa.com,Technician
Kendall S Barton,KSB0673,dtaa.com,Kendall.S.Barton@dtaa.com,Tradesman
Kennedy Y Hill,KYH0920,dtaa.com,Kennedy.Y.Hill@dtaa.com,Foreman
Kenneth K Walls,KKW0676,dtaa.com,Kenneth.K.Walls@dtaa.com,Engineer
Kermit N Joyce,KNJ0633,dtaa.com,Kermit.N.Joyce@dtaa.com,Foreman
Kerry I Nixon,KIN0073,dtaa.com,Kerry.I.Nixon@dtaa.com,Technician
Kessie T Chambers,KTC0285,dtaa.com,Kessie.T.Chambers@dtaa.com,Technician
Kevyn J Gould,KJG0378,dtaa.com,Kevyn.J.Gould@dtaa.com,Tradesman
Kiayada I Mccall,KIM0617,dtaa.com,Kiayada.I.Mccall@dtaa.com,Technician
Kiayada L Singleton,KLS0717,dtaa.com,Kiayada.L.Singleton@dtaa.com,Administrative Staff
Kibo E Smith,KES0043,dtaa.com,Kibo.E.Smith@dtaa.com,Administrative Staff
Kieran B Porter,KBP0188,dtaa.com,Kieran.B.Porter@dtaa.com,Administrative Assistant
Kim G Spencer,KGS0398,dtaa.com,Kim.G.Spencer@dtaa.com,Tradesman
Kimberley T Marks,KTM0960,dtaa.com,Kimberley.T.Marks@dtaa.com,Tradesman
Kimberly S Patel,KSP0927,dtaa.com,Kimberly.S.Patel@dtaa.com,Engineer
Kirk C Nielsen,KCN0107,dtaa.com,Kirk.C.Nielsen@dtaa.com,Administrative Assistant
Kirsten R Crane,KRC0455,dtaa.com,Kirsten.R.Crane@dtaa.com,Tradesman
Knox C Hughes,KCH0987,dtaa.com,Knox.C.Hughes@dtaa.com,Foreman
Knox D Cobb,KDC0928,dtaa.com,Knox.D.Cobb@dtaa.com,Security
Kristen R Cantrell,KRC0021,dtaa.com,Kristen.R.Cantrell@dtaa.com,Janitor
Kuame S Wolfe,KSW0597,dtaa.com,Kuame.S.Wolfe@dtaa.com,Technician
Kyle B Bond,KBB0983,dtaa.com,Kyle.B.Bond@dtaa.com,Engineer
Kyle K Cherry,KKC0575,dtaa.com,Kyle.K.Cherry@dtaa.com,Administrative Staff
Lacey C Kelly,LCK0666,dtaa.com,Lacey.C.Kelly@dtaa.com,Technician
Lacey V Cain,LVC0027,dtaa.com,Lacey.V.Cain@dtaa.com,Tradesman
Lacy M Hester,LMH0690,dtaa.com,Lacy.M.Hester@dtaa.com,Administrative Staff
Lael I Delgado,LID0942,dtaa.com,Lael.I.Delgado@dtaa.com,Of Council
Lael T Moses,LTM0418,dtaa.com,Lael.T.Moses@dtaa.com,Tradesman
Laith D Gomez,LDG0406,dtaa.com,Laith.D.Gomez@dtaa.com,Engineer
Lamar C Giles,LCG0011,dtaa.com,Lamar.C.Giles@dtaa.com,Technician
Lamar J Underwood,LJU0036,dtaa.com,Lamar.J.Underwood@dtaa.com,Foreman
Lamar N Douglas,LND0767,dtaa.com,Lamar.N.Douglas@dtaa.com,Engineer
Lance B Duffy,LBD0946,dtaa.com,Lance.B.Duffy@dtaa.com,Project Manager
Lance T Butler,LTB0150,dtaa.com,Lance.T.Butler@dtaa.com,Security
Lane R Hood,LRH0747,dtaa.com,Lane.R.Hood@dtaa.com,Project Manager
Lani S Vance,LSV0944,dtaa.com,Lani.S.Vance@dtaa.com,Technician
Lara A Langley,LAL0170,dtaa.com,Lara.A.Langley@dtaa.com,Tradesman
Lara B Chapman,LBC0422,dtaa.com,Lara.B.Chapman@dtaa.com,Administrative Staff
Lareina J Blevins,LJB0492,dtaa.com,Lareina.J.Blevins@dtaa.com,Administrative Staff
Larissa J Randall,LJR0772,dtaa.com,Larissa.J.Randall@dtaa.com,Tradesman
Lars A William,LAW0437,dtaa.com,Lars.A.William@dtaa.com,Administrative Assistant
Lars L Kelly,LLK0316,dtaa.com,Lars.L.Kelly@dtaa.com,Engineer
Lars P Gillespie,LPG0099,dtaa.com,Lars.P.Gillespie@dtaa.com,Security
Laurel N Morales,LNM0509,dtaa.com,Laurel.N.Morales@dtaa.com,Tradesman
Leila L Bartlett,LLB0843,dtaa.com,Leila.L.Bartlett@dtaa.com,Technician
Leila Y Crawford,LYC0672,dtaa.com,Leila.Y.Crawford@dtaa.com,Administrative Staff
Leilani C Carpenter,LCC0556,dtaa.com,Leilani.C.Carpenter@dtaa.com,Technician
Leilani G Vaughn,LGV0288,dtaa.com,Leilani.G.Vaughn@dtaa.com,Technician
Leilani M Jones,LMJ0323,dtaa.com,Leilani.M.Jones@dtaa.com,Administrative Staff
Len A Morse,LAM0952,dtaa.com,Len.A.Morse@dtaa.com,Senior Manger
Leo A Trujillo,LAT0452,dtaa.com,Leo.A.Trujillo@dtaa.com,Engineer
Leo C Kirk,LCK0551,dtaa.com,Leo.C.Kirk@dtaa.com,Janitor
Leonard A Howard,LAH0397,dtaa.com,Leonard.A.Howard@dtaa.com,Janitor
Leroy D Mcmillan,LDM0318,dtaa.com,Leroy.D.Mcmillan@dtaa.com,Senior Manger
Leroy K York,LKY0181,dtaa.com,Leroy.K.York@dtaa.com,Engineer
Lesley R Small,LRS0325,dtaa.com,Lesley.R.Small@dtaa.com,Administrative Staff
Leslie I Burks,LIB0089,dtaa.com,Leslie.I.Burks@dtaa.com,Janitor
Lev C Lucas,LCL0792,dtaa.com,Lev.C.Lucas@dtaa.com,Technician
Lev C Pace,LCP0359,dtaa.com,Lev.C.Pace@dtaa.com,Administrative Assistant
Levi G Armstrong,LGA0042,dtaa.com,Levi.G.Armstrong@dtaa.com,Administrative Staff
Lillith A Hull,LAH0710,dtaa.com,Lillith.A.Hull@dtaa.com,Technician
Lionel P Byrd,LPB0141,dtaa.com,Lionel.P.Byrd@dtaa.com,Administrative Assistant
Lois D Bradshaw,LDB0961,dtaa.com,Lois.D.Bradshaw@dtaa.com,Project Manager
Lucy B Bell,LBB0095,dtaa.com,Lucy.B.Bell@dtaa.com,Administrative Staff
Lucy Q Aguirre,LQA0232,dtaa.com,Lucy.Q.Aguirre@dtaa.com,Tradesman
Luke C Gomez,LCG0546,dtaa.com,Luke.C.Gomez@dtaa.com,Janitor
Lysandra E Hartman,LEH0561,dtaa.com,Lysandra.E.Hartman@dtaa.com,Administrative Staff
MacKensie C Farmer,MCF0985,dtaa.com,MacKensie.C.Farmer@dtaa.com,Engineer
MacKensie G Yates,MGY0732,dtaa.com,MacKensie.G.Yates@dtaa.com,Tradesman
MacKensie V Walker,MVW0630,dtaa.com,MacKensie.V.Walker@dtaa.com,Tradesman
Macaulay O Ayers,MOA0526,dtaa.com,Macaulay.O.Ayers@dtaa.com,Administrative Assistant
Macaulay R Strickland,MRS0395,dtaa.com,Macaulay.R.Strickland@dtaa.com,Tradesman
Macey A Barker,MAB0532,dtaa.com,Macey.A.Barker@dtaa.com,Technician
Macon N Daugherty,MND0675,dtaa.com,Macon.N.Daugherty@dtaa.com,Administrative Assistant
Madeson G Bullock,MGB0728,dtaa.com,Madeson.G.Bullock@dtaa.com,Tradesman
Magee N Dale,MND0048,dtaa.com,Magee.N.Dale@dtaa.com,Administrative Assistant
Maggie R Lowe,MRL0518,dtaa.com,Maggie.R.Lowe@dtaa.com,Administrative Staff
Maia F Nichols,MFN0656,dtaa.com,Maia.F.Nichols@dtaa.com,Engineer
Maia T Madden,MTM0239,dtaa.com,Maia.T.Madden@dtaa.com,Engineer
Maile I Humphrey,MIH0429,dtaa.com,Maile.I.Humphrey@dtaa.com,Engineer
Maisie N Burton,MNB0956,dtaa.com,Maisie.N.Burton@dtaa.com,Technician
Maite M Fuentes,MMF0289,dtaa.com,Maite.M.Fuentes@dtaa.com,Of Council
Malachi S Puckett,MSP0078,dtaa.com,Malachi.S.Puckett@dtaa.com,Engineer
Malik E Vazquez,MEV0886,dtaa.com,Malik.E.Vazquez@dtaa.com,Technician
Mallory V Pace,MVP0572,dtaa.com,Mallory.V.Pace@dtaa.com,Tradesman
Mannix C Cain,MCC0851,dtaa.com,Mannix.C.Cain@dtaa.com,Foreman
Mara X Middleton,MXM0271,dtaa.com,Mara.X.Middleton@dtaa.com,Technician
Marah H Morrow,MHM0988,dtaa.com,Marah.H.Morrow@dtaa.com,Tradesman
Marah J Foley,MJF0892,dtaa.com,Marah.J.Foley@dtaa.com,Tradesman
Marcia W Hoffman,MWH0853,dtaa.com,Marcia.W.Hoffman@dtaa.com,Loading Dock
Mari D Cote,MDC0595,dtaa.com,Mari.D.Cote@dtaa.com,Technician
Mariam I Casey,MIC0914,dtaa.com,Mariam.I.Casey@dtaa.com,Tradesman
Mariko B Zamora,MBZ0932,dtaa.com,Mariko.B.Zamora@dtaa.com,Technician
Mark G Foley,MGF0743,dtaa.com,Mark.G.Foley@dtaa.com,Senior Manger
Mark K Nixon,MKN0234,dtaa.com,Mark.K.Nixon@dtaa.com,Foreman
Martena J Pena,MJP0603,dtaa.com,Martena.J.Pena@dtaa.com,Tradesman
Martha C Melendez,MCM0346,dtaa.com,Martha.C.Melendez@dtaa.com,Administrative Staff
Martin B Dickerson,MBD0602,dtaa.com,Martin.B.Dickerson@dtaa.com,Senior Manger
Mary R Molina,MRM0205,dtaa.com,Mary.R.Molina@dtaa.com,Technician
Mason Z Waller,MZW0111,dtaa.com,Mason.Z.Waller@dtaa.com,Security
Matthew A Hoffman,MAH0712,dtaa.com,Matthew.A.Hoffman@dtaa.com,Administrative Assistant
Matthew C Hayes,MCH0530,dtaa.com,Matthew.C.Hayes@dtaa.com,Janitor
Maxine S Knight,MSK0862,dtaa.com,Maxine.S.Knight@dtaa.com,Technician
May C Randall,MCR0375,dtaa.com,May.C.Randall@dtaa.com,Tradesman
Maya C Mack,MCM0090,dtaa.com,Maya.C.Mack@dtaa.com,Technician
McKenzie A Merritt,MAM0947,dtaa.com,McKenzie.A.Merritt@dtaa.com,Technician
McKenzie V Logan,MVL0885,dtaa.com,McKenzie.V.Logan@dtaa.com,Administrative Staff
Mechelle I Koch,MIK0034,dtaa.com,Mechelle.I.Koch@dtaa.com,Administrative Staff
Megan D Sosa,MDS0742,dtaa.com,Megan.D.Sosa@dtaa.com,Senior Manger
Melinda M Houston,MMH0612,dtaa.com,Melinda.M.Houston@dtaa.com,Tradesman
Melinda W Jarvis,MWJ0837,dtaa.com,Melinda.W.Jarvis@dtaa.com,Engineer
Melissa J Mcmillan,MJM0469,dtaa.com,Melissa.J.Mcmillan@dtaa.com,Tradesman
Melissa X Meadows,MXM0838,dtaa.com,Melissa.X.Meadows@dtaa.com,Engineer
Melodie P Avery,MPA0136,dtaa.com,Melodie.P.Avery@dtaa.com,Technician
Mercedes A Gross,MAG0290,dtaa.com,Mercedes.A.Gross@dtaa.com,Engineer
Meredith D Trevino,MDT0356,dtaa.com,Meredith.D.Trevino@dtaa.com,Tradesman
Meredith Z Benson,MZB0206,dtaa.com,Meredith.Z.Benson@dtaa.com,Technician
Merrill C Rivers,MCR0314,dtaa.com,Merrill.C.Rivers@dtaa.com,Foreman
Mia E Dejesus,MED0748,dtaa.com,Mia.E.Dejesus@dtaa.com,Administrative Staff
Mia S Villarreal,MSV0506,dtaa.com,Mia.S.Villarreal@dtaa.com,Administrative Assistant
Micah T Solis,MTS0084,dtaa.com,Micah.T.Solis@dtaa.com,Security
Michael K Glover,MKG0273,dtaa.com,Michael.K.Glover@dtaa.com,Security
Michael T Cobb,MTC0538,dtaa.com,Michael.T.Cobb@dtaa.com,Foreman
Miriam B Reid,MBR0166,dtaa.com,Miriam.B.Reid@dtaa.com,Administrative Staff
Mohammad S Tyler,MST0883,dtaa.com,Mohammad.S.Tyler@dtaa.com,Foreman
Mona Q Lynch,MQL0135,dtaa.com,Mona.Q.Lynch@dtaa.com,Administrative Staff
Mona S Hahn,MSH0322,dtaa.com,Mona.S.Hahn@dtaa.com,Administrative Staff
Montana S Mccullough,MSM0226,dtaa.com,Montana.S.Mccullough@dtaa.com,Administrative Staff
Morgan J Kramer,MJK0212,dtaa.com,Morgan.J.Kramer@dtaa.com,Tradesman
Morgan L Crawford,MLC0238,dtaa.com,Morgan.L.Crawford@dtaa.com,Technician
Moses J Miller,MJM0228,dtaa.com,Moses.J.Miller@dtaa.com,Foreman
Moses M Hickman,MMH0581,dtaa.com,Moses.M.Hickman@dtaa.com,Engineer
Myles C Fuller,MCF0427,dtaa.com,Myles.C.Fuller@dtaa.com,Director
Nash A Clemons,NAC0161,dtaa.com,Nash.A.Clemons@dtaa.com,Administrative Assistant
Nasim S Phillips,NSP0910,dtaa.com,Nasim.S.Phillips@dtaa.com,Administrative Staff
Nathan J Cobb,NJC0459,dtaa.com,Nathan.J.Cobb@dtaa.com,Loading Dock
Nathan K Mcclure,NKM0018,dtaa.com,Nathan.K.Mcclure@dtaa.com,Security
Nathaniel B Branch,NBB0501,dtaa.com,Nathaniel.B.Branch@dtaa.com,Administrative Staff
Nehru T Odonnell,NTO0396,dtaa.com,Nehru.T.Odonnell@dtaa.com,Administrative Assistant
Neil H Lambert,NHL0521,dtaa.com,Neil.H.Lambert@dtaa.com,Director
Nelle F David,NFD0706,dtaa.com,Nelle.F.David@dtaa.com,Technician
Nero D Stephens,NDS0490,dtaa.com,Nero.D.Stephens@dtaa.com,Project Manager
Nevada E Thompson,NET0306,dtaa.com,Nevada.E.Thompson@dtaa.com,Loading Dock
Neve D Humphrey,NDH0807,dtaa.com,Neve.D.Humphrey@dtaa.com,Tradesman
Neve M Rios,NMR0621,dtaa.com,Neve.M.Rios@dtaa.com,Director
Neville Q Clayton,NQC0925,dtaa.com,Neville.Q.Clayton@dtaa.com,Janitor
Nicholas D Mcintyre,NDM0893,dtaa.com,Nicholas.D.Mcintyre@dtaa.com,Administrative Assistant
Nicholas R Mullen,NRM0093,dtaa.com,Nicholas.R.Mullen@dtaa.com,Janitor
Nicholas S Duran,NSD0763,dtaa.com,Nicholas.S.Duran@dtaa.com,Foreman
Nichole C Wall,NCW0246,dtaa.com,Nichole.C.Wall@dtaa.com,Senior Manger
Nichole E Patrick,NEP0644,dtaa.com,Nichole.E.Patrick@dtaa.com,Technician
Nichole S Contreras,NSC0842,dtaa.com,Nichole.S.Contreras@dtaa.com,Technician
Nichole Z Durham,NZD0771,dtaa.com,Nichole.Z.Durham@dtaa.com,Administrative Staff
Nicolas H Herrera,NHH0566,dtaa.com,Nicolas.H.Herrera@dtaa.com,Technician
Nicolas L Drake,NLD0701,dtaa.com,Nicolas.L.Drake@dtaa.com,Foreman
Nicolas R Hammond,NRH0276,dtaa.com,Nicolas.R.Hammond@dtaa.com,Engineer
Nicole A Tran,NAT0252,dtaa.com,Nicole.A.Tran@dtaa.com,Technician
Nicole W Camacho,NWC0765,dtaa.com,Nicole.W.Camacho@dtaa.com,Tradesman
Nina H Larsen,NHL0253,dtaa.com,Nina.H.Larsen@dtaa.com,Administrative Staff
Nissim J Hale,NJH0593,dtaa.com,Nissim.J.Hale@dtaa.com,Engineer
Nissim J Slater,NJS0448,dtaa.com,Nissim.J.Slater@dtaa.com,Foreman
Nita I Cooper,NIC0901,dtaa.com,Nita.I.Cooper@dtaa.com,Technician
Noah W Tillman,NWT0708,dtaa.com,Noah.W.Tillman@dtaa.com,Foreman
Noble G Cantu,NGC0624,dtaa.com,Noble.G.Cantu@dtaa.com,Administrative Assistant
Noble W Good,NWG0682,dtaa.com,Noble.W.Good@dtaa.com,Director
Noel J Moreno,NJM0476,dtaa.com,Noel.J.Moreno@dtaa.com,Administrative Staff
Noel M Cook,NMC0251,dtaa.com,Noel.M.Cook@dtaa.com,Tradesman
Nola A Winters,NAW0939,dtaa.com,Nola.A.Winters@dtaa.com,Tradesman
Nola D Holcomb,NDH0524,dtaa.com,Nola.D.Holcomb@dtaa.com,Administrative Staff
Nola N Burton,NNB0443,dtaa.com,Nola.N.Burton@dtaa.com,Engineer
Nola N Shields,NNS0898,dtaa.com,Nola.N.Shields@dtaa.com,Tradesman
Nolan J Wolf,NJW0094,dtaa.com,Nolan.J.Wolf@dtaa.com,Security
Nolan R Steele,NRS0477,dtaa.com,Nolan.R.Steele@dtaa.com,Security
Nora B Thornton,NBT0479,dtaa.com,Nora.B.Thornton@dtaa.com,Tradesman
Nora J Dunn,NJD0267,dtaa.com,Nora.J.Dunn@dtaa.com,Director
Ocean Y Rojas,OYR0801,dtaa.com,Ocean.Y.Rojas@dtaa.com,Technician
Octavius N Ballard,ONB0177,dtaa.com,Octavius.N.Ballard@dtaa.com,Foreman
Odessa I Robertson,OIR0424,dtaa.com,Odessa.I.Robertson@dtaa.com,Administrative Staff
Odysseus B Fowler,OBF0564,dtaa.com,Odysseus.B.Fowler@dtaa.com,Senior Manger
Oliver E Sampson,OES0636,dtaa.com,Oliver.E.Sampson@dtaa.com,Administrative Assistant
Olivia H Woodard,OHW0215,dtaa.com,Olivia.H.Woodard@dtaa.com,Technician
Omar D Weaver,ODW0839,dtaa.com,Omar.D.Weaver@dtaa.com,Project Manager
Omar N Quinn,ONQ0625,dtaa.com,Omar.N.Quinn@dtaa.com,Foreman
Omar T Strickland,OTS0256,dtaa.com,Omar.T.Strickland@dtaa.com,Security
Omar X Chavez,OXC0609,dtaa.com,Omar.X.Chavez@dtaa.com,Director
Oprah B Daniels,OBD0786,dtaa.com,Oprah.B.Daniels@dtaa.com,Administrative Staff
Oprah J Green,OJG0866,dtaa.com,Oprah.J.Green@dtaa.com,Tradesman
Oren S Shaffer,OSS0859,dtaa.com,Oren.S.Shaffer@dtaa.com,Administrative Assistant
Orla L Reed,OLR0984,dtaa.com,Orla.L.Reed@dtaa.com,Technician
Orlando K Greer,OKG0160,dtaa.com,Orlando.K.Greer@dtaa.com,Senior Manger
Orlando R Waller,ORW0580,dtaa.com,Orlando.R.Waller@dtaa.com,Foreman
Orli S Hebert,OSH0281,dtaa.com,Orli.S.Hebert@dtaa.com,Engineer
Orson H Albert,OHA0451,dtaa.com,Orson.H.Albert@dtaa.com,Engineer
Orson U Sharpe,OUS0565,dtaa.com,Orson.U.Sharpe@dtaa.com,Foreman
Otto A Rosales,OAR0291,dtaa.com,Otto.A.Rosales@dtaa.com,Technician
Otto Z Murphy,OZM0468,dtaa.com,Otto.Z.Murphy@dtaa.com,Engineer
Owen J Hale,OJH0425,dtaa.com,Owen.J.Hale@dtaa.com,Engineer
Owen Z Delaney,OZD0789,dtaa.com,Owen.Z.Delaney@dtaa.com,Administrative Assistant
Paki A Craig,PAC0722,dtaa.com,Paki.A.Craig@dtaa.com,Engineer
Paki C Snow,PCS0097,dtaa.com,Paki.C.Snow@dtaa.com,Engineer
Paki R Riddle,PRR0982,dtaa.com,Paki.R.Riddle@dtaa.com,Foreman
Pamela D Bailey,PDB0413,dtaa.com,Pamela.D.Bailey@dtaa.com,Engineer
Pamela D Sellers,PDS0896,dtaa.com,Pamela.D.Sellers@dtaa.com,Technician
Patience I Golden,PIG0194,dtaa.com,Patience.I.Golden@dtaa.com,Tradesman
Patricia V Wiley,PVW0713,dtaa.com,Patricia.V.Wiley@dtaa.com,Technician
Patrick K Morrow,PKM0092,dtaa.com,Patrick.K.Morrow@dtaa.com,Engineer
Paula F Foley,PFF0657,dtaa.com,Paula.F.Foley@dtaa.com,Engineer
Pearl S Perry,PSP0555,dtaa.com,Pearl.S.Perry@dtaa.com,Tradesman
Perry J Levy,PJL0320,dtaa.com,Perry.J.Levy@dtaa.com,Security
Perry M Leonard,PML0209,dtaa.com,Perry.M.Leonard@dtaa.com,VP
Phelan M Beasley,PMB0702,dtaa.com,Phelan.M.Beasley@dtaa.com,Administrative Assistant
Phelan V Heath,PVH0124,dtaa.com,Phelan.V.Heath@dtaa.com,Foreman
Phoebe R Byrd,PRB0568,dtaa.com,Phoebe.R.Byrd@dtaa.com,Technician
Phyllis C Maxwell,PCM0846,dtaa.com,Phyllis.C.Maxwell@dtaa.com,Engineer
Phyllis I Phillips,PIP0746,dtaa.com,Phyllis.I.Phillips@dtaa.com,Tradesman
Phyllis K Matthews,PKM0411,dtaa.com,Phyllis.K.Matthews@dtaa.com,Technician
Plato C Obrien,PCO0684,dtaa.com,Plato.C.Obrien@dtaa.com,Project Manager
Plato U Horn,PUH0847,dtaa.com,Plato.U.Horn@dtaa.com,Director
Porter A Gross,PAG0557,dtaa.com,Porter.A.Gross@dtaa.com,Administrative Staff
Portia J Stokes,PJS0809,dtaa.com,Portia.J.Stokes@dtaa.com,Technician
Portia R Hughes,PRH0825,dtaa.com,Portia.R.Hughes@dtaa.com,Tradesman
Prescott X Benton,PXB0069,dtaa.com,Prescott.X.Benton@dtaa.com,Administrative Staff
Preston K Hart,PKH0542,dtaa.com,Preston.K.Hart@dtaa.com,Engineer
Price B Hickman,PBH0441,dtaa.com,Price.B.Hickman@dtaa.com,Administrative Assistant
Price M Gilliam,PMG0890,dtaa.com,Price.M.Gilliam@dtaa.com,Engineer
Price T Holder,PTH0957,dtaa.com,Price.T.Holder@dtaa.com,Administrative Staff
Priscilla I Dominguez,PID0096,dtaa.com,Priscilla.I.Dominguez@dtaa.com,Technician
Priscilla R Barnes,PRB0157,dtaa.com,Priscilla.R.Barnes@dtaa.com,Tradesman
Quail Z Daniel,QZD0164,dtaa.com,Quail.Z.Daniel@dtaa.com,Tradesman
Quin A Morton,QAM0113,dtaa.com,Quin.A.Morton@dtaa.com,Administrative Staff
Quincy N Cherry,QNC0832,dtaa.com,Quincy.N.Cherry@dtaa.com,Tradesman
Quincy N Kerr,QNK0574,dtaa.com,Quincy.N.Kerr@dtaa.com,Administrative Assistant
Quinlan C Dudley,QCD0829,dtaa.com,Quinlan.C.Dudley@dtaa.com,Administrative Assistant
Quinlan V Mccormick,QVM0338,dtaa.com,Quinlan.V.Mccormick@dtaa.com,Engineer
Quinn G Farmer,QGF0292,dtaa.com,Quinn.G.Farmer@dtaa.com,Tradesman
Quinn G Mayer,QGM0222,dtaa.com,Quinn.G.Mayer@dtaa.com,Janitor
Quinn K Robbins,QKR0651,dtaa.com,Quinn.K.Robbins@dtaa.com,Engineer
Quintessa L Craig,QLC0632,dtaa.com,Quintessa.L.Craig@dtaa.com,Tradesman
Quon O Haynes,QOH0361,dtaa.com,Quon.O.Haynes@dtaa.com,Administrative Staff
Quynn L Walter,QLW0941,dtaa.com,Quynn.L.Walter@dtaa.com,Administrative Staff
Rachel L Savage,RLS0966,dtaa.com,Rachel.L.Savage@dtaa.com,Tradesman
Raja E Sutton,RES0962,dtaa.com,Raja.E.Sutton@dtaa.com,Senior Manger
Ralph A Anderson,RAA0594,dtaa.com,Ralph.A.Anderson@dtaa.com,Project Manager
Ramona J Weiss,RJW0590,dtaa.com,Ramona.J.Weiss@dtaa.com,Tradesman
Ramona L Simpson,RLS0935,dtaa.com,Ramona.L.Simpson@dtaa.com,Administrative Staff
Randall A Campbell,RAC0282,dtaa.com,Randall.A.Campbell@dtaa.com,Foreman
Raphael I Mccarthy,RIM0938,dtaa.com,Raphael.I.Mccarthy@dtaa.com,Engineer
Raphael J Pittman,RJP0874,dtaa.com,Raphael.J.Pittman@dtaa.com,Engineer
Rashad C Freeman,RCF0540,dtaa.com,Rashad.C.Freeman@dtaa.com,Administrative Assistant
Rashad R Fitzgerald,RRF0245,dtaa.com,Rashad.R.Fitzgerald@dtaa.com,Foreman
Rashad W Daniels,RWD0210,dtaa.com,Rashad.W.Daniels@dtaa.com,Security
Ray A Young,RAY0882,dtaa.com,Ray.A.Young@dtaa.com,Technician
Ray B Yang,RBY0065,dtaa.com,Ray.B.Yang@dtaa.com,Janitor
Ray J Pacheco,RJP0345,dtaa.com,Ray.J.Pacheco@dtaa.com,Technician
Raya O Mcintosh,ROM0419,dtaa.com,Raya.O.Mcintosh@dtaa.com,Engineer
Raymond B Bass,RBB0229,dtaa.com,Raymond.B.Bass@dtaa.com,Engineer
Raymond D Gonzales,RDG0335,dtaa.com,Raymond.D.Gonzales@dtaa.com,Administrative Staff
Raymond D Hansen,RDH0117,dtaa.com,Raymond.D.Hansen@dtaa.com,Administrative Staff
Reed E Kaufman,REK0484,dtaa.com,Reed.E.Kaufman@dtaa.com,Senior Manger
Reed V Savage,RVS0852,dtaa.com,Reed.V.Savage@dtaa.com,Janitor
Renee K Church,RKC0733,dtaa.com,Renee.K.Church@dtaa.com,Administrative Staff
Renee O Curtis,ROC0257,dtaa.com,Renee.O.Curtis@dtaa.com,Tradesman
Renee Z Washington,RZW0369,dtaa.com,Renee.Z.Washington@dtaa.com,Administrative Staff
Rhea Q Hammond,RQH0770,dtaa.com,Rhea.Q.Hammond@dtaa.com,Tradesman
Rhiannon S Joyner,RSJ0328,dtaa.com,Rhiannon.S.Joyner@dtaa.com,Technician
Rhoda V Malone,RVM0826,dtaa.com,Rhoda.V.Malone@dtaa.com,Administrative Staff
Rhonda D Gilbert,RDG0350,dtaa.com,Rhonda.D.Gilbert@dtaa.com,Tradesman
Ria I Galloway,RIG0024,dtaa.com,Ria.I.Galloway@dtaa.com,Technician
Ria J Potter,RJP0286,dtaa.com,Ria.J.Potter@dtaa.com,Engineer
Ria L Wiley,RLW0861,dtaa.com,Ria.L.Wiley@dtaa.com,Technician
Ria X Ellison,RXE0207,dtaa.com,Ria.X.Ellison@dtaa.com,Tradesman
Riley M Estrada,RME0699,dtaa.com,Riley.M.Estrada@dtaa.com,Technician
Robert D Trujillo,RDT0659,dtaa.com,Robert.D.Trujillo@dtaa.com,Engineer
Robert H Pate,RHP0688,dtaa.com,Robert.H.Pate@dtaa.com,Administrative Assistant
Robert R Lancaster,RRL0780,dtaa.com,Robert.R.Lancaster@dtaa.com,Senior Manger
Robert S Grimes,RSG0385,dtaa.com,Robert.S.Grimes@dtaa.com,Foreman
Robert T Hobbs,RTH0376,dtaa.com,Robert.T.Hobbs@dtaa.com,Engineer
Robert X Mckenzie,RXM0204,dtaa.com,Robert.X.Mckenzie@dtaa.com,Security
Robin K Duffy,RKD0255,dtaa.com,Robin.K.Duffy@dtaa.com,Administrative Staff
Rogan E Riggs,RER0237,dtaa.com,Rogan.E.Riggs@dtaa.com,Project Manager
Ronan K Chen,RKC0190,dtaa.com,Ronan.K.Chen@dtaa.com,Engineer
Rooney C Reynolds,RCR0864,dtaa.com,Rooney.C.Reynolds@dtaa.com,Administrative Assistant
Rose B Cantu,RBC0879,dtaa.com,Rose.B.Cantu@dtaa.com,Administrative Staff
Ross L Chen,RLC0442,dtaa.com,Ross.L.Chen@dtaa.com,Foreman
Ruby L Evans,RLE0844,dtaa.com,Ruby.L.Evans@dtaa.com,Administrative Staff
Russell A Hunt,RAH0968,dtaa.com,Russell.A.Hunt@dtaa.com,Engineer
Russell D Padilla,RDP0855,dtaa.com,Russell.D.Padilla@dtaa.com,Administrative Assistant
Rylee B Charles,RBC0583,dtaa.com,Rylee.B.Charles@dtaa.com,Security
Rylee C Wagner,RCW0436,dtaa.com,Rylee.C.Wagner@dtaa.com,Tradesman
Rylee L Carpenter,RLC0019,dtaa.com,Rylee.L.Carpenter@dtaa.com,Technician
Sacha R Nolan,SRN0275,dtaa.com,Sacha.R.Nolan@dtaa.com,Technician
Salvador K Barnett,SKB0263,dtaa.com,Salvador.K.Barnett@dtaa.com,Administrative Assistant
Samson K Hess,SKH0467,dtaa.com,Samson.K.Hess@dtaa.com,Administrative Staff
Samuel E Frye,SEF0446,dtaa.com,Samuel.E.Frye@dtaa.com,Technician
Samuel J Clarke,SJC0487,dtaa.com,Samuel.J.Clarke@dtaa.com,Administrative Staff
Samuel L Mann,SLM0781,dtaa.com,Samuel.L.Mann@dtaa.com,Project Manager
Sandra A Powell,SAP0304,dtaa.com,Sandra.A.Powell@dtaa.com,Technician
Sarah C Battle,SCB0529,dtaa.com,Sarah.C.Battle@dtaa.com,Engineer
Sarah S Vazquez,SSV0560,dtaa.com,Sarah.S.Vazquez@dtaa.com,Technician
Savannah C Wyatt,SCW0707,dtaa.com,Savannah.C.Wyatt@dtaa.com,Technician
Sawyer B Berg,SBB0044,dtaa.com,Sawyer.B.Berg@dtaa.com,Technician
Sawyer G Giles,SGG0584,dtaa.com,Sawyer.G.Giles@dtaa.com,Technician
Sawyer S Cooke,SSC0047,dtaa.com,Sawyer.S.Cooke@dtaa.com,Foreman
Scarlet M Calhoun,SMC0139,dtaa.com,Scarlet.M.Calhoun@dtaa.com,Technician
Scott W Mcleod,SWM0768,dtaa.com,Scott.W.Mcleod@dtaa.com,Foreman
Sean T Cantrell,STC0066,dtaa.com,Sean.T.Cantrell@dtaa.com,Security
Sebastian K Levy,SKL0881,dtaa.com,Sebastian.K.Levy@dtaa.com,Project Manager
Selma E Sawyer,SES0660,dtaa.com,Selma.E.Sawyer@dtaa.com,Engineer
Serina O Green,SOG0461,dtaa.com,Serina.O.Green@dtaa.com,Technician
Seth E Rivers,SER0835,dtaa.com,Seth.E.Rivers@dtaa.com,Administrative Staff
Seth J Hardy,SJH0907,dtaa.com,Seth.J.Hardy@dtaa.com,Technician
Shad B Klein,SBK0108,dtaa.com,Shad.B.Klein@dtaa.com,Administrative Assistant
Shaeleigh M Lucas,SML0086,dtaa.com,Shaeleigh.M.Lucas@dtaa.com,Administrative Staff
Shafira I Rowe,SIR0586,dtaa.com,Shafira.I.Rowe@dtaa.com,Senior Manger
Shaine C Kennedy,SCK0576,dtaa.com,Shaine.C.Kennedy@dtaa.com,Tradesman
Shana S Herman,SSH0085,dtaa.com,Shana.S.Herman@dtaa.com,Tradesman
Shannon A Owen,SAO0167,dtaa.com,Shannon.A.Owen@dtaa.com,Tradesman
Shannon M Livingston,SML0486,dtaa.com,Shannon.M.Livingston@dtaa.com,Administrative Assistant
Shea A Hodge,SAH0192,dtaa.com,Shea.A.Hodge@dtaa.com,Engineer
Shea A Sampson,SAS0601,dtaa.com,Shea.A.Sampson@dtaa.com,Technician
Shea K Wallace,SKW0871,dtaa.com,Shea.K.Wallace@dtaa.com,Tradesman
Shelby T Fry,STF0145,dtaa.com,Shelby.T.Fry@dtaa.com,Tradesman
Shelley A Elliott,SAE0683,dtaa.com,Shelley.A.Elliott@dtaa.com,Engineer
Sierra J Allison,SJA0691,dtaa.com,Sierra.J.Allison@dtaa.com,Tradesman
Silas V Cook,SVC0175,dtaa.com,Silas.V.Cook@dtaa.com,Engineer
Simone S Carson,SSC0387,dtaa.com,Simone.S.Carson@dtaa.com,Director
Slade D Leon,SDL0679,dtaa.com,Slade.D.Leon@dtaa.com,Administrative Assistant
Sloane J Beasley,SJB0751,dtaa.com,Sloane.J.Beasley@dtaa.com,Engineer
Solomon G Sargent,SGS0352,dtaa.com,Solomon.G.Sargent@dtaa.com,VP
Solomon H Torres,SHT0953,dtaa.com,Solomon.H.Torres@dtaa.com,Administrative Assistant
Sonya L Merrill,SLM0589,dtaa.com,Sonya.L.Merrill@dtaa.com,Tradesman
Sophia D Rojas,SDR0010,dtaa.com,Sophia.D.Rojas@dtaa.com,Technician
Sophia H Riddle,SHR0025,dtaa.com,Sophia.H.Riddle@dtaa.com,Of Council
Sopoline N Douglas,SND0611,dtaa.com,Sopoline.N.Douglas@dtaa.com,Technician
Sopoline S Bartlett,SSB0151,dtaa.com,Sopoline.S.Bartlett@dtaa.com,Administrative Staff
Stacey H Skinner,SHS0608,dtaa.com,Stacey.H.Skinner@dtaa.com,Tradesman
Stacey M Dalton,SMD0773,dtaa.com,Stacey.M.Dalton@dtaa.com,Technician
Stacey S Hansen,SSH0144,dtaa.com,Stacey.S.Hansen@dtaa.com,Technician
Stacy D Conrad,SDC0032,dtaa.com,Stacy.D.Conrad@dtaa.com,Technician
Stacy S Wyatt,SSW0815,dtaa.com,Stacy.S.Wyatt@dtaa.com,Loading Dock
Stella C Joyner,SCJ0498,dtaa.com,Stella.C.Joyner@dtaa.com,Administrative Staff
Stella J Chavez,SJC0735,dtaa.com,Stella.J.Chavez@dtaa.com,Tradesman
Stephanie G Cannon,SGC0118,dtaa.com,Stephanie.G.Cannon@dtaa.com,Administrative Staff
Stephanie K Patel,SKP0270,dtaa.com,Stephanie.K.Patel@dtaa.com,Engineer
Stephanie L Glover,SLG0008,dtaa.com,Stephanie.L.Glover@dtaa.com,Technician
Stephanie V Melton,SVM0756,dtaa.com,Stephanie.V.Melton@dtaa.com,Tradesman
Stephen A Savage,SAS0433,dtaa.com,Stephen.A.Savage@dtaa.com,Administrative Staff
Stephen B Hull,SBH0674,dtaa.com,Stephen.B.Hull@dtaa.com,Director
Stephen I Parsons,SIP0805,dtaa.com,Stephen.I.Parsons@dtaa.com,Project Manager
Stephen L Copeland,SLC0778,dtaa.com,Stephen.L.Copeland@dtaa.com,Engineer
Steven D Mccray,SDM0333,dtaa.com,Steven.D.Mccray@dtaa.com,Administrative Staff
Steven F Snow,SFS0308,dtaa.com,Steven.F.Snow@dtaa.com,Administrative Staff
Stone B Melton,SBM0217,dtaa.com,Stone.B.Melton@dtaa.com,Senior Manger
Suki A Michael,SAM0954,dtaa.com,Suki.A.Michael@dtaa.com,Administrative Staff
Suki B Cantrell,SBC0360,dtaa.com,Suki.B.Cantrell@dtaa.com,Administrative Staff
Susan P Kennedy,SPK0818,dtaa.com,Susan.P.Kennedy@dtaa.com,Technician
Sybil M Ware,SMW0913,dtaa.com,Sybil.M.Ware@dtaa.com,Administrative Staff
Sybil O Mckee,SOM0478,dtaa.com,Sybil.O.Mckee@dtaa.com,Engineer
Sybill X Horton,SXH0895,dtaa.com,Sybill.X.Horton@dtaa.com,Technician
Sylvester J Holloway,SJH0588,dtaa.com,Sylvester.J.Holloway@dtaa.com,Foreman
TaShya S Conner,TSC0431,dtaa.com,TaShya.S.Conner@dtaa.com,Tradesman
Tad X Roy,TXR0884,dtaa.com,Tad.X.Roy@dtaa.com,Administrative Assistant
Talon H Lindsay,THL0671,dtaa.com,Talon.H.Lindsay@dtaa.com,Foreman
Talon J Pace,TJP0714,dtaa.com,Talon.J.Pace@dtaa.com,Engineer
Talon L Vinson,TLV0936,dtaa.com,Talon.L.Vinson@dtaa.com,Senior Manger
Tamara E Gates,TEG0502,dtaa.com,Tamara.E.Gates@dtaa.com,Technician
Tamekah U Anderson,TUA0298,dtaa.com,Tamekah.U.Anderson@dtaa.com,Tradesman
Tana C Richards,TCR0218,dtaa.com,Tana.C.Richards@dtaa.com,Administrative Staff
Tanya R Porter,TRP0068,dtaa.com,Tanya.R.Porter@dtaa.com,Administrative Staff
Tate D Workman,TDW0348,dtaa.com,Tate.D.Workman@dtaa.com,Janitor
Tate I Wooten,TIW0195,dtaa.com,Tate.I.Wooten@dtaa.com,Administrative Assistant
Tatiana S Miranda,TSM0130,dtaa.com,Tatiana.S.Miranda@dtaa.com,Technician
Tatum G Casey,TGC0670,dtaa.com,Tatum.G.Casey@dtaa.com,Administrative Staff
Tatum Z Benton,TZB0870,dtaa.com,Tatum.Z.Benton@dtaa.com,Tradesman
Tatyana C Hewitt,TCH0230,dtaa.com,Tatyana.C.Hewitt@dtaa.com,Technician
Tatyana L Blackburn,TLB0831,dtaa.com,Tatyana.L.Blackburn@dtaa.com,Administrative Staff
Taylor F Shannon,TFS0216,dtaa.com,Taylor.F.Shannon@dtaa.com,Technician
Teagan P Camacho,TPC0102,dtaa.com,Teagan.P.Camacho@dtaa.com,Administrative Staff
Thaddeus K Gregory,TKG0523,dtaa.com,Thaddeus.K.Gregory@dtaa.com,Janitor
Theodore H Burton,THB0783,dtaa.com,Theodore.H.Burton@dtaa.com,Engineer
Thomas A Olsen,TAO0639,dtaa.com,Thomas.A.Olsen@dtaa.com,Janitor
Thomas L Bush,TLB0017,dtaa.com,Thomas.L.Bush@dtaa.com,Administrative Staff
Thor Q Castaneda,TQC0249,dtaa.com,Thor.Q.Castaneda@dtaa.com,Foreman
Todd R Berry,TRB0414,dtaa.com,Todd.R.Berry@dtaa.com,VP
Todd R Todd,TRT0979,dtaa.com,Todd.R.Todd@dtaa.com,Engineer
Troy N Beard,TNB0740,dtaa.com,Troy.N.Beard@dtaa.com,Project Manager
Tucker H Sims,THS0006,dtaa.com,Tucker.H.Sims@dtaa.com,Senior Manger
Tyler K Hutchinson,TKH0211,dtaa.com,Tyler.K.Hutchinson@dtaa.com,Engineer
Tyler T Glover,TTG0637,dtaa.com,Tyler.T.Glover@dtaa.com,Janitor
Tyrone E Rhodes,TER0923,dtaa.com,Tyrone.E.Rhodes@dtaa.com,Technician
Ulla M Koch,UMK0142,dtaa.com,Ulla.M.Koch@dtaa.com,Administrative Staff
Ulysses C Miles,UCM0106,dtaa.com,Ulysses.C.Miles@dtaa.com,Technician
Unity B Bryant,UBB0186,dtaa.com,Unity.B.Bryant@dtaa.com,Tradesman
Unity J Church,UJC0849,dtaa.com,Unity.J.Church@dtaa.com,Administrative Staff
Upton S Barnes,USB0641,dtaa.com,Upton.S.Barnes@dtaa.com,Engineer
Uriah B Hunter,UBH0964,dtaa.com,Uriah.B.Hunter@dtaa.com,Engineer
Uriah L Browning,ULB0178,dtaa.com,Uriah.L.Browning@dtaa.com,VP
Uriel G Warren,UGW0223,dtaa.com,Uriel.G.Warren@dtaa.com,Engineer
Ursa M Best,UMB0449,dtaa.com,Ursa.M.Best@dtaa.com,Technician
Ursula A Drake,UAD0165,dtaa.com,Ursula.A.Drake@dtaa.com,Administrative Staff
Vance F Tillman,VFT0014,dtaa.com,Vance.F.Tillman@dtaa.com,Administrative Staff
Vance J David,VJD0704,dtaa.com,Vance.J.David@dtaa.com,Foreman
Vanna F Pate,VFP0669,dtaa.com,Vanna.F.Pate@dtaa.com,Tradesman
Vaughan M Alford,VMA0051,dtaa.com,Vaughan.M.Alford@dtaa.com,Engineer
Veda A Pollard,VAP0168,dtaa.com,Veda.A.Pollard@dtaa.com,Tradesman
Venus I Riggs,VIR0488,dtaa.com,Venus.I.Riggs@dtaa.com,Administrative Staff
Venus M Frye,VMF0423,dtaa.com,Venus.M.Frye@dtaa.com,Administrative Staff
Vera F Sharp,VFS0231,dtaa.com,Vera.F.Sharp@dtaa.com,Technician
Vernon A Humphrey,VAH0262,dtaa.com,Vernon.A.Humphrey@dtaa.com,VP
Victor N Morrow,VNM0127,dtaa.com,Victor.N.Morrow@dtaa.com,Engineer
Victoria M Moreno,VMM0309,dtaa.com,Victoria.M.Moreno@dtaa.com,Technician
Vincent K Baker,VKB0605,dtaa.com,Vincent.K.Baker@dtaa.com,Foreman
Violet U Finch,VUF0522,dtaa.com,Violet.U.Finch@dtaa.com,Tradesman
Vivian B Willis,VBW0447,dtaa.com,Vivian.B.Willis@dtaa.com,Administrative Staff
Vivian C Gould,VCG0663,dtaa.com,Vivian.C.Gould@dtaa.com,Administrative Staff
Vivian D Pierce,VDP0070,dtaa.com,Vivian.D.Pierce@dtaa.com,Security
Wade S Lopez,WSL0470,dtaa.com,Wade.S.Lopez@dtaa.com,Engineer
Wallace C Nolan,WCN0570,dtaa.com,Wallace.C.Nolan@dtaa.com,Engineer
Wallace D Williamson,WDW0485,dtaa.com,Wallace.D.Williamson@dtaa.com,Administrative Assistant
Walter W Cantrell,WWC0894,dtaa.com,Walter.W.Cantrell@dtaa.com,Foreman
Wang G Landry,WGL0515,dtaa.com,Wang.G.Landry@dtaa.com,Security
Warren N Small,WNS0816,dtaa.com,Warren.N.Small@dtaa.com,Administrative Assistant
Wayne O Tyson,WOT0549,dtaa.com,Wayne.O.Tyson@dtaa.com,Security
Wendy L Ball,WLB0169,dtaa.com,Wendy.L.Ball@dtaa.com,Tradesman
Whoopi D Wilkinson,WDW0198,dtaa.com,Whoopi.D.Wilkinson@dtaa.com,Administrative Staff
Willa B Wong,WBW0591,dtaa.com,Willa.B.Wong@dtaa.com,Administrative Staff
William A Blackburn,WAB0970,dtaa.com,William.A.Blackburn@dtaa.com,Administrative Assistant
William C Ballard,WCB0440,dtaa.com,William.C.Ballard@dtaa.com,Director
William D Whitaker,WDW0064,dtaa.com,William.D.Whitaker@dtaa.com,Administrative Assistant
William F Harris,WFH0909,dtaa.com,William.F.Harris@dtaa.com,Foreman
William F Luna,WFL0495,dtaa.com,William.F.Luna@dtaa.com,Administrative Assistant
William K Harding,WKH0407,dtaa.com,William.K.Harding@dtaa.com,Project Manager
William M Joyner,WMJ0364,dtaa.com,William.M.Joyner@dtaa.com,Technician
Willow T Ayers,WTA0867,dtaa.com,Willow.T.Ayers@dtaa.com,Tradesman
Wilma C Marsh,WCM0391,dtaa.com,Wilma.C.Marsh@dtaa.com,Administrative Staff
Wyoming A Hyde,WAH0813,dtaa.com,Wyoming.A.Hyde@dtaa.com,Technician
Wyoming J Gill,WJG0153,dtaa.com,Wyoming.J.Gill@dtaa.com,Technician
Wyoming J Richards,WJR0592,dtaa.com,Wyoming.J.Richards@dtaa.com,Tradesman
Wyoming P Holden,WPH0764,dtaa.com,Wyoming.P.Holden@dtaa.com,Foreman
Xander Q Winters,XQW0354,dtaa.com,Xander.Q.Winters@dtaa.com,Senior Manger
Xander R Preston,XRP0435,dtaa.com,Xander.R.Preston@dtaa.com,Technician
Xavier H Nash,XHN0227,dtaa.com,Xavier.H.Nash@dtaa.com,Technician
Xavier K Rich,XKR0971,dtaa.com,Xavier.K.Rich@dtaa.com,Security
Xena I Noel,XIN0791,dtaa.com,Xena.I.Noel@dtaa.com,Technician
Xerxes C Baker,XCB0445,dtaa.com,Xerxes.C.Baker@dtaa.com,Engineer
Xerxes G Bruce,XGB0052,dtaa.com,Xerxes.G.Bruce@dtaa.com,Administrative Staff
Xerxes X Davenport,XXD0650,dtaa.com,Xerxes.X.Davenport@dtaa.com,Foreman
Yardley Q Woods,YQW0689,dtaa.com,Yardley.Q.Woods@dtaa.com,Foreman
Yen C Scott,YCS0667,dtaa.com,Yen.C.Scott@dtaa.com,Technician
Yen S Hess,YSH0268,dtaa.com,Yen.S.Hess@dtaa.com,Technician
Yeo C Bennett,YCB0005,dtaa.com,Yeo.C.Bennett@dtaa.com,Engineer
Yeo V Foster,YVF0045,dtaa.com,Yeo.V.Foster@dtaa.com,Janitor
Yoshio C Dawson,YCD0922,dtaa.com,Yoshio.C.Dawson@dtaa.com,Technician
Yuli J Johnson,YJJ0129,dtaa.com,Yuli.J.Johnson@dtaa.com,Project Manager
Yuri C Burnett,YCB0967,dtaa.com,Yuri.C.Burnett@dtaa.com,Tradesman
Yvette C Velazquez,YCV0635,dtaa.com,Yvette.C.Velazquez@dtaa.com,Tradesman
Yvette L Oneill,YLO0362,dtaa.com,Yvette.L.Oneill@dtaa.com,Tradesman
Zachery B Mills,ZBM0626,dtaa.com,Zachery.B.Mills@dtaa.com,Project Manager
Zahir B Hale,ZBH0980,dtaa.com,Zahir.B.Hale@dtaa.com,Administrative Assistant
Zelda A Ball,ZAB0889,dtaa.com,Zelda.A.Ball@dtaa.com,Security
Zelda C Acosta,ZCA0652,dtaa.com,Zelda.C.Acosta@dtaa.com,Administrative Staff
Zelenia C Horne,ZCH0336,dtaa.com,Zelenia.C.Horne@dtaa.com,Administrative Staff
Zelenia K Nielsen,ZKN0548,dtaa.com,Zelenia.K.Nielsen@dtaa.com,Engineer
Zephr R Robinson,ZRR0705,dtaa.com,Zephr.R.Robinson@dtaa.com,Technician
Zeus G Hooper,ZGH0528,dtaa.com,Zeus.G.Hooper@dtaa.com,Administrative Assistant
Zia K English,ZKE0662,dtaa.com,Zia.K.English@dtaa.com,Engineer
Zorita K Hopper,ZKH0388,dtaa.com,Zorita.K.Hopper@dtaa.com,Technician
